<?xml version="1.0"?>
<COLLADA xmlns="http://www.collada.org/2005/11/COLLADASchema" version="1.4.1">
  <asset>
    <contributor>
      <author>Assimp</author>
      <authoring_tool>Assimp Exporter</authoring_tool>
    </contributor>
    <created>2017-03-04T13:44:49</created>
    <modified>2017-03-04T13:44:49</modified>
    <unit name="meter" meter="1" />
    <up_axis>Y_UP</up_axis>
  </asset>
  <library_effects>
    <effect id="01___Default-fx" name="01___Default">
      <profile_COMMON>
        <technique sid="standard">
          <phong>
            <diffuse>
              <color sid="diffuse">0.0392157   0.0392157   0.0392157   1</color>
            </diffuse>
          </phong>
        </technique>
      </profile_COMMON>
    </effect>
    <effect id="03___Default-fx" name="03___Default">
      <profile_COMMON>
        <technique sid="standard">
          <phong>
            <diffuse>
              <color sid="diffuse">0.0666667   0.0666667   0.0666667   1</color>
            </diffuse>
          </phong>
        </technique>
      </profile_COMMON>
    </effect>
    <effect id="02___Default-fx" name="02___Default">
      <profile_COMMON>
        <technique sid="standard">
          <phong>
            <diffuse>
              <color sid="diffuse">0.0392157   0.0392157   0.0392157   1</color>
            </diffuse>
          </phong>
        </technique>
      </profile_COMMON>
    </effect>
    <effect id="07___Default-fx" name="07___Default">
      <profile_COMMON>
        <technique sid="standard">
          <phong>
            <diffuse>
              <color sid="diffuse">1   1   1   1</color>
            </diffuse>
          </phong>
        </technique>
      </profile_COMMON>
    </effect>
  </library_effects>
  <library_materials>
    <material id="01___Default" name="01___Default">
      <instance_effect url="#01___Default-fx"/>
    </material>
    <material id="03___Default" name="03___Default">
      <instance_effect url="#03___Default-fx"/>
    </material>
    <material id="02___Default" name="02___Default">
      <instance_effect url="#02___Default-fx"/>
    </material>
    <material id="07___Default" name="07___Default">
      <instance_effect url="#07___Default-fx"/>
    </material>
  </library_materials>
  <library_geometries>
    <geometry id="meshId0" name="meshId0_name" >
      <mesh>
        <source id="meshId0-positions" name="meshId0-positions">
          <float_array id="meshId0-positions-array" count="1419"> -0.186365 0.00738979 0.586249 -0.165075 0.00738979 0.607539 -0.133443 0.00738979 0.629036 -0.0958755 0.00738979 0.636202 0.90177 0.00738979 0.636202 0.937132 0.00738979 0.632273 0.964637 0.00738979 0.620485 0.984283 0.00738979 0.600839 0.996071 0.00738979 0.573335 1 0.00738979 0.537972 1 0.00738979 0.284056 -0.186365 0.00738979 0.295136 1 0.00738979 -0.537972 0.996071 0.00738979 -0.573335 0.984283 0.00738979 -0.600839 0.964637 0.00738979 -0.620485 0.937132 0.00738979 -0.632273 0.90177 0.00738979 -0.636202 -0.0958755 0.00738979 -0.636202 -0.133443 0.00738979 -0.629036 -0.165075 0.00738979 -0.607539 -0.186365 0.00738979 -0.586249 -0.186365 0.00738979 -0.146037 1 0.00738979 -0.146037 1 0.00738979 0.242889 -0.186365 0.00738979 0.242889 -0.186365 0.00738979 -0.0472444 1 0.00738979 -0.0472444 1 0.00738979 0.189139 -0.186365 0.00738979 0.189139 -0.231201 0.00738979 0.189139 -0.231201 0.00738979 0.230934 -0.228414 0.00738979 0.23766 -0.22316 0.00738979 0.242911 -0.484832 0.00738979 0.284056 -0.511724 0.00738979 0.284056 -0.519766 0.00738979 0.292098 -0.519766 0.00738979 0.636202 -0.476791 0.00738979 0.636202 -0.476791 0.00738979 0.292098 -0.517132 0.00738979 -0.636202 -0.517132 0.00738979 -0.154078 -0.509091 0.00738979 -0.146037 -0.482168 0.00738979 -0.146037 -0.474127 0.00738979 -0.154078 -0.474127 0.00738979 -0.636202 -0.904268 0.00738979 0.242889 -0.899013 0.00738979 0.237634 -0.896226 0.00738979 0.230908 -1 0.00738979 0.242889 -0.896226 0.00738979 0.201121 -0.899013 0.00738979 0.194394 -0.904268 0.00738979 0.189139 -1 0.00738979 0.189139 -0.236456 0.00738979 0.272171 -0.246921 0.00738979 0.272487 -0.254336 0.00738979 0.274461 -0.26434 0.00738979 0.285085 -0.264511 0.00738979 0.284146 -0.261744 0.00738979 0.278415 -0.335612 0.00738979 -0.187312 -0.8975 0.00738979 0.285116 -0.886757 0.00738979 0.636202 -0.525021 0.00738979 0.286843 -0.531747 0.00738979 0.284056 -0.850611 0.00738979 0.284212 -0.83847 0.00738979 0.284094 -0.83059 0.00738979 0.284056 -0.904633 0.00738979 -0.148774 -1 0.00738979 -0.148774 -1 0.00738979 -0.0472444 -0.904268 0.00738979 -0.0472444 -0.899013 0.00738979 -0.0524995 -0.896226 0.00738979 -0.0592261 -0.897779 0.00738979 -0.113946 -0.896609 0.00738979 -0.101936 -0.896226 0.00738979 -0.0940744 -0.225963 0.00738979 0.249017 -0.230803 0.00738979 0.249645 -0.23643 0.00738979 0.253697 -0.238536 0.00738979 0.258039 -0.238925 0.00738979 0.265293 -0.272305 0.00738979 0.292098 -0.271875 0.00738979 0.636202 -0.238042 0.00738979 0.629036 -0.207656 0.00738979 0.607539 -0.864274 0.00738979 -0.146491 -0.852143 0.00738979 -0.146148 -0.844264 0.00738979 -0.146037 -0.529114 0.00738979 -0.146037 -0.522387 0.00738979 -0.148823 -0.886757 0.00738979 -0.636202 -0.897129 0.00738979 -0.113884 -0.891726 0.00738979 -0.117161 -0.889111 0.00738979 -0.123612 -0.888746 0.00738979 -0.131043 -0.891192 0.00738979 -0.139337 -0.881056 0.00738979 -0.138154 -0.873483 0.00738979 -0.139158 -0.873483 0.00738979 -0.139158 -0.867374 0.00738979 -0.141596 -0.864274 0.00738979 -0.146491 -0.927524 0.00738979 -0.631673 -0.959232 0.00738979 -0.618083 -0.981881 0.00738979 -0.595435 -0.99547 0.00738979 -0.563727 -1 0.00738979 -0.522959 -0.886621 0.00738979 0.275925 -0.885132 0.00738979 0.267614 -0.886377 0.00738979 0.260306 -0.890328 0.00738979 0.253319 -0.896093 0.00738979 0.250834 -0.896469 0.00738979 0.250927 -1 0.00738979 0.285116 -0.853876 0.00738979 0.280084 -0.869175 0.00738979 0.274708 -0.876768 0.00738979 0.274114 -1 0.00738979 0.522959 -0.99547 0.00738979 0.563726 -0.981881 0.00738979 0.595435 -0.959232 0.00738979 0.618083 -0.927524 0.00738979 0.631673 -0.277568 0.00738979 0.286841 -0.284297 0.00738979 0.284056 -0.464809 0.00738979 0.284056 -0.471536 0.00738979 0.286843 -0.324884 0.00738979 -0.134859 -0.338233 0.00738979 -0.1425 -0.353202 0.00738979 -0.146037 -0.231201 0.00738979 -0.0308789 -0.234984 0.00738979 -0.045603 -0.243154 0.00738979 -0.0584229 -0.207656 0.00738979 -0.607539 -0.239287 0.00738979 -0.629036 -0.276855 0.00738979 -0.636202 -0.335094 0.00738979 -0.636202 -0.468872 0.00738979 -0.148823 -0.462145 0.00738979 -0.146037 1 -0.00738978 0.284056 1 -0.00738978 0.537972 0.996071 -0.00738978 0.573335 0.984283 -0.00738978 0.600839 0.964637 -0.00738978 0.620485 0.937132 -0.00738978 0.632273 0.90177 -0.00738978 0.636202 -0.186365 -0.00738978 0.295136 -0.0958755 -0.00738978 0.636202 -0.186365 -0.00738978 0.586249 -0.133443 -0.00738978 0.629036 -0.165075 -0.00738978 0.607539 -0.133443 -0.00738978 -0.629036 -0.0958755 -0.00738978 -0.636202 0.90177 -0.00738978 -0.636202 -0.165075 -0.00738978 -0.607539 -0.186365 -0.00738978 -0.586249 0.937132 -0.00738978 -0.632273 0.964637 -0.00738978 -0.620485 0.984283 -0.00738978 -0.600839 0.996071 -0.00738978 -0.573335 1 -0.00738978 -0.537972 -0.186365 -0.00738978 -0.146037 1 -0.00738978 -0.146037 1 -0.00738978 0.242889 -0.186365 -0.00738978 0.242889 1 -0.00738978 -0.0472444 -0.186365 -0.00738978 -0.0472444 1 -0.00738978 0.189139 -0.186365 -0.00738978 0.189139 -0.22316 -0.00738978 0.242911 -0.228414 -0.00738978 0.23766 -0.231201 -0.00738978 0.230934 -0.231201 -0.00738978 0.189139 -0.896226 -0.00738978 -0.039203 -0.896226 -0.00738978 0.181098 -0.904268 -0.00738978 0.189139 -1 -0.00738978 0.189139 -1 -0.00738978 -0.0472444 -0.904268 -0.00738978 -0.0472444 -0.519766 -0.00738978 0.636202 -0.519766 -0.00738978 0.292098 -0.511724 -0.00738978 0.284056 -0.476791 -0.00738978 0.636202 -0.476791 -0.00738978 0.292098 -0.484832 -0.00738978 0.284056 -0.474127 -0.00738978 -0.636202 -0.474127 -0.00738978 -0.154078 -0.482168 -0.00738978 -0.146037 -0.509091 -0.00738978 -0.146037 -0.517132 -0.00738978 -0.154078 -0.517132 -0.00738978 -0.636202 -0.899013 -0.00738978 0.194394 -0.896226 -0.00738978 0.201121 -0.896226 -0.00738978 0.230908 -0.899013 -0.00738978 0.237634 -0.904268 -0.00738978 0.242889 -1 -0.00738978 0.242889 -0.26434 -0.00738978 0.285085 -0.264511 -0.00738978 0.284146 -0.261744 -0.00738978 0.278415 -0.254336 -0.00738978 0.274461 -0.246921 -0.00738978 0.272487 -0.236456 -0.00738978 0.272171 -0.335612 -0.00738978 -0.187312 -0.850611 -0.00738978 0.284212 -0.83847 -0.00738978 0.284094 -0.83059 -0.00738978 0.284056 -0.83059 -0.00738978 0.284056 -0.531747 -0.00738978 0.284056 -0.525021 -0.00738978 0.286843 -0.886757 -0.00738978 0.636202 -0.8975 -0.00738978 0.285116 -0.850611 -0.00738978 0.284212 -0.83059 -0.00738978 0.284056 -0.8975 -0.00738978 0.285116 -0.897779 -0.00738978 -0.113946 -0.896609 -0.00738978 -0.101936 -0.896226 -0.00738978 -0.0940744 -0.896226 -0.00738978 -0.0592261 -0.899013 -0.00738978 -0.0524995 -1 -0.00738978 -0.148774 -0.904633 -0.00738978 -0.148774 -0.225963 -0.00738978 0.249017 -0.238925 -0.00738978 0.265293 -0.238536 -0.00738978 0.258039 -0.23643 -0.00738978 0.253697 -0.230803 -0.00738978 0.249645 -0.207656 -0.00738978 0.607539 -0.238042 -0.00738978 0.629036 -0.271875 -0.00738978 0.636202 -0.272305 -0.00738978 0.292098 -0.886757 -0.00738978 -0.636202 -0.522387 -0.00738978 -0.148823 -0.529114 -0.00738978 -0.146037 -0.864274 -0.00738978 -0.146491 -0.852143 -0.00738978 -0.146148 -0.844264 -0.00738978 -0.146037 -0.891192 -0.00738978 -0.139337 -0.888746 -0.00738978 -0.131043 -0.889111 -0.00738978 -0.123612 -0.897129 -0.00738978 -0.113884 -0.891726 -0.00738978 -0.117161 -0.867374 -0.00738978 -0.141596 -0.881056 -0.00738978 -0.138154 -0.873483 -0.00738978 -0.139158 -1 -0.00738978 -0.522959 -0.99547 -0.00738978 -0.563727 -0.981881 -0.00738978 -0.595435 -0.959232 -0.00738978 -0.618083 -0.927524 -0.00738978 -0.631673 -0.896469 -0.00738978 0.250927 -0.896093 -0.00738978 0.250834 -0.890328 -0.00738978 0.253319 -0.886621 -0.00738978 0.275925 -0.885132 -0.00738978 0.267614 -0.886377 -0.00738978 0.260306 -1 -0.00738978 0.285116 -0.876768 -0.00738978 0.274114 -0.869175 -0.00738978 0.274708 -0.869175 -0.00738978 0.274708 -0.853876 -0.00738978 0.280084 -0.850611 -0.00738978 0.284212 -0.850611 -0.00738978 0.284212 -0.927524 -0.00738978 0.631673 -0.959232 -0.00738978 0.618083 -0.981881 -0.00738978 0.595435 -0.99547 -0.00738978 0.563726 -1 -0.00738978 0.522959 -0.471536 -0.00738978 0.286843 -0.464809 -0.00738978 0.284056 -0.277568 -0.00738978 0.286841 -0.284297 -0.00738978 0.284056 -0.324884 -0.00738978 -0.134859 -0.338233 -0.00738978 -0.1425 -0.353202 -0.00738978 -0.146037 -0.231201 -0.00738978 -0.0308789 -0.234984 -0.00738978 -0.045603 -0.243154 -0.00738978 -0.0584229 -0.335094 -0.00738978 -0.636202 -0.276855 -0.00738978 -0.636202 -0.239287 -0.00738978 -0.629036 -0.207656 -0.00738978 -0.607539 -0.462145 -0.00738978 -0.146037 -0.468872 -0.00738978 -0.148823 -0.896226 0.00738979 0.181098 -0.896226 0.00738979 -0.039203 -0.484832 0.00738979 0.284056 -0.479577 0.00685857 0.278828 -0.476791 0.00617861 0.272136 -0.511724 0.00738979 0.284056 -0.476791 0.00313768 0.242207 -0.519766 0.00313768 0.242207 -0.516979 0.00685857 0.278828 -0.519766 0.00617861 0.272136 -0.511724 -0.00738978 0.284056 -0.516979 -0.00685857 0.278828 -0.519766 -0.0061786 0.272136 -0.484832 -0.00738978 0.284056 -0.519766 -0.00313768 0.242207 -0.476791 -0.00313768 0.242207 -0.479577 -0.00685857 0.278828 -0.476791 -0.0061786 0.272136 -0.509091 0.00738979 -0.146037 -0.514346 0.00678529 -0.140817 -0.517132 0.00601154 -0.134135 -0.482168 0.00738979 -0.146037 -0.517132 0.00313768 -0.109317 -0.474127 0.00313768 -0.109317 -0.476913 0.00678529 -0.140817 -0.474127 0.00601154 -0.134135 -0.482168 -0.00738978 -0.146037 -0.476913 -0.00678529 -0.140817 -0.474127 -0.00601153 -0.134135 -0.509091 -0.00738978 -0.146037 -0.474127 -0.00313768 -0.109317 -0.517132 -0.00313768 -0.109317 -0.514346 -0.00678529 -0.140817 -0.517132 -0.00601153 -0.134135 -0.896226 0.00738979 0.181098 -0.890993 0.00691361 0.186353 -0.884294 0.0063041 0.189139 -0.896226 0.00738979 -0.039203 -0.849493 0.00313768 0.189139 -0.849493 0.00313768 -0.0472444 -0.890993 0.00691361 -0.0444581 -0.884294 0.0063041 -0.0472444 -0.896226 -0.00738978 -0.039203 -0.890993 -0.00691361 -0.0444581 -0.884294 -0.0063041 -0.0472444 -0.896226 -0.00738978 0.181098 -0.849493 -0.00313768 -0.0472444 -0.849493 -0.00313768 0.189139 -0.890993 -0.00691361 0.186353 -0.884294 -0.0063041 0.189139 -0.896226 0.00738979 -0.039203 -0.890993 0.00691361 -0.0444581 -0.890993 0.00691361 -0.0500306 -0.904268 0.00738979 -0.0472444 -0.893452 0.00713732 -0.0524995 -0.899013 0.00738979 -0.0524995 -0.232083 0.00738979 0.238715 -0.233828 0.00738979 0.246311 -0.476791 0.00738979 0.292098 -0.471536 0.00738979 0.286843 -0.471536 0.00710814 0.281284 -0.474004 0.00685857 0.278828 -0.479577 0.00685857 0.278828 -0.484832 0.00738979 0.284056 -0.482168 0.00738979 -0.146037 -0.476913 0.00678529 -0.140817 -0.471341 0.00678529 -0.140817 -0.474127 0.00738979 -0.154078 -0.468872 0.00706929 -0.143269 -0.468872 0.00738979 -0.148823 -0.511724 0.00738979 0.284056 -0.516979 0.00685857 0.278828 -0.522552 0.00685857 0.278828 -0.525021 0.00710814 0.281284 -0.525021 0.00738979 0.286843 -0.519766 0.00738979 0.292098 -0.517132 0.00738979 -0.154078 -0.522387 0.00738979 -0.148823 -0.522387 0.00706929 -0.143269 -0.509091 0.00738979 -0.146037 -0.519918 0.00678529 -0.140817 -0.514346 0.00678529 -0.140817 -0.904268 0.00738979 0.189139 -0.899013 0.00738979 0.194394 -0.893452 0.00713732 0.194394 -0.896226 0.00738979 0.181098 -0.890993 0.00691361 0.191925 -0.890993 0.00691361 0.186353 -0.859844 0.00738979 -0.1438 -0.852074 0.00738979 -0.145293 -0.895473 0.00738979 -0.101882 -0.89396 0.00738979 -0.109641 -0.884838 0.00738979 -0.130043 -0.879936 0.00738979 -0.134918 -0.838414 0.00738979 0.283394 -0.838414 0.00738979 0.283394 -0.846274 0.00738979 0.282053 -0.850611 0.00738979 0.284212 -0.875914 0.00738979 0.270872 -0.881416 0.00738979 0.266265 -0.893271 0.00738979 0.246078 -0.895224 0.00738979 0.238659 -0.269043 0.00738979 0.281226 -0.276534 0.00738979 0.2831 -0.242988 0.00738979 0.264424 -0.248128 0.00738979 0.269766 -0.233828 -0.00738978 0.246311 -0.232083 -0.00738978 0.238715 -0.890993 -0.00691361 -0.0444581 -0.896226 -0.00738978 -0.039203 -0.904268 -0.00738978 -0.0472444 -0.899013 -0.00738978 -0.0524995 -0.893452 -0.00713732 -0.0524995 -0.890993 -0.00691361 -0.0500306 -0.899013 -0.00738978 0.194394 -0.904268 -0.00738978 0.189139 -0.896226 -0.00738978 0.181098 -0.890993 -0.00691361 0.186353 -0.890993 -0.00691361 0.191925 -0.893452 -0.00713732 0.194394 -0.471536 -0.00738978 0.286843 -0.476791 -0.00738978 0.292098 -0.484832 -0.00738978 0.284056 -0.479577 -0.00685857 0.278828 -0.474004 -0.00685857 0.278828 -0.471536 -0.00710813 0.281284 -0.516979 -0.00685857 0.278828 -0.511724 -0.00738978 0.284056 -0.519766 -0.00738978 0.292098 -0.525021 -0.00738978 0.286843 -0.525021 -0.00710813 0.281284 -0.522552 -0.00685857 0.278828 -0.522387 -0.00738978 -0.148823 -0.517132 -0.00738978 -0.154078 -0.509091 -0.00738978 -0.146037 -0.514346 -0.00678529 -0.140817 -0.519918 -0.00678529 -0.140817 -0.522387 -0.00706928 -0.143269 -0.476913 -0.00678529 -0.140817 -0.482168 -0.00738978 -0.146037 -0.474127 -0.00738978 -0.154078 -0.468872 -0.00738978 -0.148823 -0.468872 -0.00706928 -0.143269 -0.471341 -0.00678529 -0.140817 -0.895224 -0.00738978 0.238659 -0.893271 -0.00738978 0.246078 -0.276534 -0.00738978 0.2831 -0.269043 -0.00738978 0.281226 -0.248128 -0.00738978 0.269766 -0.242988 -0.00738978 0.264424 -0.846274 -0.00738978 0.282053 -0.838414 -0.00738978 0.283394 -0.89396 -0.00738978 -0.109641 -0.895473 -0.00738978 -0.101882 -0.852074 -0.00738978 -0.145293 -0.859844 -0.00738978 -0.1438 -0.864274 -0.00738978 -0.146491 -0.852074 -0.00738978 -0.145293 -0.879936 -0.00738978 -0.134918 -0.884838 -0.00738978 -0.130043 -0.881416 -0.00738978 0.266265 -0.875914 -0.00738978 0.270872 -0.884294 -0.0063041 -0.0472444 -0.896226 -0.00738978 0.201121 -0.464809 -0.00738978 0.284056 -0.519766 -0.0061786 0.272136 -0.529114 -0.00738978 -0.146037 -0.474127 -0.00601153 -0.134135 -0.867374 -0.00738978 -0.141596 -0.884294 0.0063041 -0.0472444 -0.896226 0.00738979 -0.0592261 -0.464809 0.00738979 0.284056 -0.476791 0.00617861 0.272136 -0.474127 0.00601154 -0.134135 -0.462145 0.00738979 -0.146037 -0.519766 0.00617861 0.272136 -0.531747 0.00738979 0.284056 -0.529114 0.00738979 -0.146037 -0.517132 0.00601154 -0.134135 -0.896226 0.00738979 0.201121 -0.884294 0.0063041 0.189139 -0.859844 0.00738979 -0.1438 -0.853876 0.00738979 0.280084 -0.896226 -0.00738978 -0.0592261 -0.884294 -0.0063041 0.189139 -0.476791 -0.0061786 0.272136 -0.531747 -0.00738978 0.284056 -0.517132 -0.00601153 -0.134135 -0.462145 -0.00738978 -0.146037 -0.846274 -0.00738978 0.282053 </float_array>
          <technique_common>
            <accessor count="473" offset="0" source="#meshId0-positions-array" stride="3">
              <param name="X" type="float" />
              <param name="Y" type="float" />
              <param name="Z" type="float" />
            </accessor>
          </technique_common>
        </source>
        <source id="meshId0-normals" name="meshId0-normals">
          <float_array id="meshId0-normals-array" count="1419"> 0 1 6.12323e-17 0 1 6.12323e-17 0 1 6.12323e-17 0 1 6.12323e-17 0 1 6.12323e-17 0 1 6.12323e-17 0 1 6.12323e-17 0 1 6.12323e-17 0 1 6.12323e-17 0 1 6.12323e-17 0 1 6.12323e-17 0 1 6.12323e-17 0 1 6.12323e-17 0 1 6.12323e-17 0 1 6.12323e-17 0 1 6.12323e-17 0 1 6.12323e-17 0 1 6.12323e-17 0 1 6.12323e-17 0 1 6.12323e-17 0 1 6.12323e-17 0 1 6.12323e-17 0 1 6.12323e-17 0 1 6.12323e-17 0 1 6.12323e-17 0 1 6.12323e-17 0 1 6.12323e-17 0 1 6.12323e-17 0 1 6.12323e-17 0 1 6.12323e-17 0 1 6.12323e-17 0 1 6.12323e-17 0 1 6.12323e-17 0 1 6.12323e-17 0 1 6.12323e-17 0 1 6.12323e-17 0 1 6.12323e-17 0 1 6.12323e-17 0 1 6.12323e-17 0 1 6.12323e-17 0 1 6.12323e-17 0 1 6.12323e-17 0 1 6.12323e-17 0 1 6.12323e-17 0 1 6.12323e-17 0 1 6.12323e-17 0 1 6.12323e-17 0 1 6.12323e-17 0 1 6.12323e-17 0 1 6.12323e-17 0 1 6.12323e-17 0 1 6.12323e-17 0 1 6.12323e-17 0 1 6.12323e-17 0 1 6.12323e-17 0 1 6.12323e-17 0 1 6.12323e-17 0 1 6.12323e-17 0 1 6.12323e-17 0 1 6.12323e-17 0 1 6.12323e-17 0 1 6.12323e-17 0 1 6.12323e-17 0 1 6.12323e-17 0 1 6.12323e-17 0 1 6.12323e-17 0 1 6.12323e-17 0 1 6.12323e-17 0 1 6.12323e-17 0 1 6.12323e-17 0 1 6.12323e-17 0 1 6.12323e-17 0 1 6.12323e-17 0 1 6.12323e-17 0 1 6.12323e-17 0 1 6.12323e-17 0 1 6.12323e-17 0 1 6.12323e-17 0 1 6.12323e-17 0 1 6.12323e-17 0 1 6.12323e-17 0 1 6.12323e-17 0 1 6.12323e-17 0 1 6.12323e-17 0 1 6.12323e-17 0 1 6.12323e-17 0 1 6.12323e-17 0 1 6.12323e-17 0 1 6.12323e-17 0 1 6.12323e-17 0 1 6.12323e-17 0 1 6.12323e-17 0 1 6.12323e-17 0 1 6.12323e-17 0 1 6.12323e-17 0 1 6.12323e-17 0 1 6.12323e-17 0 1 6.12323e-17 0 1 6.12323e-17 0 1 6.12323e-17 0 1 6.12323e-17 0 1 6.12323e-17 0 1 6.12323e-17 0 1 6.12323e-17 0 1 6.12323e-17 0 1 6.12323e-17 0 1 6.12323e-17 0 1 6.12323e-17 0 1 6.12323e-17 0 1 6.12323e-17 0 1 6.12323e-17 0 1 6.12323e-17 0 1 6.12323e-17 0 1 6.12323e-17 0 1 6.12323e-17 0 1 6.12323e-17 0 1 6.12323e-17 0 1 6.12323e-17 0 1 6.12323e-17 0 1 6.12323e-17 0 1 6.12323e-17 0 1 6.12323e-17 0 1 6.12323e-17 0 1 6.12323e-17 0 1 6.12323e-17 0 1 6.12323e-17 0 1 6.12323e-17 0 1 6.12323e-17 0 1 6.12323e-17 0 1 6.12323e-17 0 1 6.12323e-17 0 1 6.12323e-17 0 1 6.12323e-17 0 1 6.12323e-17 0 1 6.12323e-17 0 1 6.12323e-17 0 1 6.12323e-17 0 1 6.12323e-17 0 -1 -6.12323e-17 0 -1 -6.12323e-17 0 -1 -6.12323e-17 0 -1 -6.12323e-17 0 -1 -6.12323e-17 0 -1 -6.12323e-17 0 -1 -6.12323e-17 0 -1 -6.12323e-17 0 -1 -6.12323e-17 0 -1 -6.12323e-17 0 -1 -6.12323e-17 0 -1 -6.12323e-17 0 -1 -6.12323e-17 0 -1 -6.12323e-17 0 -1 -6.12323e-17 0 -1 -6.12323e-17 0 -1 -6.12323e-17 0 -1 -6.12323e-17 0 -1 -6.12323e-17 0 -1 -6.12323e-17 0 -1 -6.12323e-17 0 -1 -6.12323e-17 0 -1 -6.12323e-17 0 -1 -6.12323e-17 0 -1 -6.12323e-17 0 -1 -6.12323e-17 0 -1 -6.12323e-17 0 -1 -6.12323e-17 0 -1 -6.12323e-17 0 -1 -6.12323e-17 0 -1 -6.12323e-17 0 -1 -6.12323e-17 0 -1 -6.12323e-17 0 -1 -6.12323e-17 0 -1 -6.12323e-17 0 -1 -6.12323e-17 0 -1 -6.12323e-17 0 -1 -6.12323e-17 0 -1 -6.12323e-17 0 -1 -6.12323e-17 0 -1 -6.12323e-17 0 -1 -6.12323e-17 0 -1 -6.12323e-17 0 -1 -6.12323e-17 0 -1 -6.12323e-17 0 -1 -6.12323e-17 0 -1 -6.12323e-17 0 -1 -6.12323e-17 0 -1 -6.12323e-17 0 -1 -6.12323e-17 0 -1 -6.12323e-17 0 -1 -6.12323e-17 0 -1 -6.12323e-17 0 -1 -6.12323e-17 0 -1 -6.12323e-17 0 -1 -6.12323e-17 0 -1 -6.12323e-17 0 -1 -6.12323e-17 0 -1 -6.12323e-17 0 -1 -6.12323e-17 0 -1 -6.12323e-17 0 -1 -6.12323e-17 0 -1 -6.12323e-17 0 -1 -6.12323e-17 0 -1 -6.12323e-17 0 -1 -6.12323e-17 0 -1 -6.12323e-17 0 -1 -6.12323e-17 0 -1 -6.12323e-17 0 -1 -6.12323e-17 0 -1 -6.12323e-17 0 -1 -6.12323e-17 0 -1 -6.12323e-17 0 -1 -6.12323e-17 0 -1 -6.12323e-17 0 -1 -6.12323e-17 0 -1 -6.12323e-17 0 -1 -6.12323e-17 0 -1 -6.12323e-17 0 -1 -6.12323e-17 0 -1 -6.12323e-17 0 -1 -6.12323e-17 0 -1 -6.12323e-17 0 -1 -6.12323e-17 0 -1 -6.12323e-17 0 -1 -6.12323e-17 0 -1 -6.12323e-17 0 -1 -6.12323e-17 0 -1 -6.12323e-17 0 -1 -6.12323e-17 0 -1 -6.12323e-17 0 -1 -6.12323e-17 0 -1 -6.12323e-17 0 -1 -6.12323e-17 0 -1 -6.12323e-17 0 -1 -6.12323e-17 0 -1 -6.12323e-17 0 -1 -6.12323e-17 0 -1 -6.12323e-17 0 -1 -6.12323e-17 0 -1 -6.12323e-17 0 -1 -6.12323e-17 0 -1 -6.12323e-17 0 -1 -6.12323e-17 0 -1 -6.12323e-17 0 -1 -6.12323e-17 0 -1 -6.12323e-17 0 -1 -6.12323e-17 0 -1 -6.12323e-17 0 -1 -6.12323e-17 0 -1 -6.12323e-17 0 -1 -6.12323e-17 0 -1 -6.12323e-17 0 -1 -6.12323e-17 0 -1 -6.12323e-17 0 -1 -6.12323e-17 0 -1 -6.12323e-17 0 -1 -6.12323e-17 0 -1 -6.12323e-17 0 -1 -6.12323e-17 0 -1 -6.12323e-17 0 -1 -6.12323e-17 0 -1 -6.12323e-17 0 -1 -6.12323e-17 0 -1 -6.12323e-17 0 -1 -6.12323e-17 0 -1 -6.12323e-17 0 -1 -6.12323e-17 0 -1 -6.12323e-17 0 -1 -6.12323e-17 0 -1 -6.12323e-17 0 -1 -6.12323e-17 0 -1 -6.12323e-17 0 -1 -6.12323e-17 0 -1 -6.12323e-17 0 -1 -6.12323e-17 0 -1 -6.12323e-17 0 -1 -6.12323e-17 0 -1 -6.12323e-17 0 -1 -6.12323e-17 0 -1 -6.12323e-17 0 -1 -6.12323e-17 0 -1 -6.12323e-17 0 -1 -6.12323e-17 0 -1 -6.12323e-17 0 1 6.12323e-17 0 1 6.12323e-17 4.91381e-08 0.994878 -0.101085 5.95855e-07 0.994878 -0.101085 2.85673e-08 0.994878 -0.101086 -5.1437e-08 0.994878 -0.101086 -9.2092e-09 0.994878 -0.101086 1.18956e-08 0.994878 -0.101086 -1.02406e-07 0.994878 -0.101086 5.23392e-07 0.994878 -0.101086 -1.50144e-08 -0.994878 -0.101086 -1.82067e-07 -0.994878 -0.101085 -1.49444e-08 -0.994878 -0.101086 2.07469e-08 -0.994878 -0.101086 -1.15115e-09 -0.994878 -0.101086 -2.07672e-10 -0.994878 -0.101086 5.95165e-08 -0.994878 -0.101086 -1.30848e-07 -0.994878 -0.101086 -3.0029e-08 0.993362 0.115029 -3.64133e-07 0.993362 0.115029 -8.91506e-09 0.993362 0.115029 2.70133e-08 0.993362 0.115029 1.21107e-08 0.993362 0.115029 -1.6907e-08 0.993362 0.115029 3.21019e-08 0.993362 0.115029 -4.33272e-07 0.993362 0.115029 3.0029e-08 -0.993362 0.115029 3.64133e-07 -0.993362 0.115029 1.32563e-08 -0.993362 0.115029 -3.00992e-08 -0.993362 0.115029 -9.08301e-09 -0.993362 0.115029 1.10584e-08 -0.993362 0.115029 -5.6881e-08 -0.993362 0.115029 3.54495e-07 -0.993362 0.115029 0.0906118 0.995886 7.09774e-08 0.0906113 0.995886 8.60674e-07 0.0906119 0.995886 5.94782e-08 0.0906119 0.995886 -7.04074e-08 0.0906119 0.995886 -3.89064e-09 0.0906119 0.995886 1.47286e-08 0.0906119 0.995886 -1.46383e-07 0.0906119 0.995886 7.60336e-07 0.0906118 -0.995886 -8.59919e-08 0.0906111 -0.995886 -1.04273e-06 0.0906118 -0.995886 -7.22123e-08 0.0906119 -0.995886 7.74636e-08 0.0906119 -0.995886 4.4892e-09 0.0906119 -0.995886 -1.65606e-08 0.0906118 -0.995886 1.6002e-07 0.0906119 -0.995886 -8.44816e-07 0.0426 0.99882 -0.0233354 0.090612 0.995886 6.09804e-17 0.0621856 0.998052 0.00508333 0.0354268 0.99937 -0.00200644 0.0453226 0.998307 0.036463 0.0453226 0.998307 0.0364631 0 1 6.12323e-17 0 1 6.12323e-17 -0.000517598 0.999014 -0.0443939 -0.0406785 0.997892 -0.0505655 -0.0215124 0.998434 -0.0516361 0 0.994878 -0.101086 0.00815266 0.997704 -0.0672402 0.050543 0.997442 -0.050543 0.029635 0.998095 0.0541095 0 0.993362 0.115029 -0.0064614 0.996856 0.0789725 0.00255056 0.998984 0.045 -0.0462919 0.997269 0.0575485 -0.0462917 0.997269 0.0575486 -0.00620856 0.998673 -0.0511216 0 0.994878 -0.101086 0.00104097 0.996636 -0.081947 0.0406794 0.997892 -0.0505655 0.00679175 0.999074 -0.0424768 0 1 6.12323e-17 -0.00349241 0.999603 0.0279413 0.0462916 0.997269 0.0575485 0.0101835 0.997896 0.0640363 -0.0126027 0.998403 0.055069 0 0.993362 0.11503 4.78835e-08 0.993362 0.115029 0.0220006 0.999754 0.00274851 0.0453226 0.998307 -0.0364632 0.0504188 0.998696 -0.00801175 0.0433507 0.999011 0.00992207 0.0906124 0.995886 6.09804e-17 0.0906121 0.995886 -9.21536e-08 0 1 6.12323e-17 0 1 6.12323e-17 0 1 6.12323e-17 0 1 6.12323e-17 0 1 6.12323e-17 0 1 6.12323e-17 0 1 6.12323e-17 0 1 6.12323e-17 0 1 6.12323e-17 0 1 6.12323e-17 0 1 6.12323e-17 0 1 6.12323e-17 0 1 6.12323e-17 0 1 6.12323e-17 0 1 6.12323e-17 0 1 6.12323e-17 0 1 6.12323e-17 0 1 6.12323e-17 0 -1 -6.12323e-17 0 -1 -6.12323e-17 0.0602638 -0.998156 -0.00730453 0.0453061 -0.997945 -0.0453061 0.0397849 -0.999208 0.00046364 0.0453226 -0.998307 0.0364631 0.0462768 -0.998743 0.0192781 0.0906125 -0.995886 -6.09804e-17 0.038064 -0.999257 -0.00608503 0 -1 -6.12323e-17 0.0458136 -0.998935 0.00556393 0.0906119 -0.995886 -6.09804e-17 0.073447 -0.997299 -0.000933127 0.0453226 -0.998307 -0.0364633 -0.00839108 -0.998997 -0.0439746 0 -1 -6.12323e-17 0.0110714 -0.998542 -0.0528346 0.00779258 -0.996302 -0.0855705 -0.00698047 -0.99711 -0.0756555 -0.0406791 -0.997892 -0.0505656 -0.00665117 -0.997606 -0.0688356 -0.050543 -0.997442 -0.050543 0.0022396 -0.999216 -0.039531 0.0251223 -0.998767 -0.042809 0.0152036 -0.998226 -0.0575732 0 -0.994878 -0.101086 0.00773432 -0.9988 0.0483589 0 -1 -6.12323e-17 -0.00706737 -0.99828 0.0581945 0 -0.993362 0.115029 0.00118442 -0.99564 0.0932689 0.0462919 -0.997269 0.0575486 0.00928383 -0.997024 0.0765334 0.057515 -0.996687 0.057515 -0.000589676 -0.998722 0.0505353 -0.0462916 -0.997269 0.0575486 -0.0244901 -0.997971 0.0587764 0 -0.993362 0.115029 0 -1 -6.12323e-17 0 -1 -6.12323e-17 0 -1 -6.12323e-17 0 -1 -6.12323e-17 0 -1 -6.12323e-17 0 -1 -6.12323e-17 0 -1 -6.12323e-17 0 -1 -6.12323e-17 0 -1 -6.12323e-17 0 -1 -6.12323e-17 0 -1 -6.12323e-17 0 -1 -6.12323e-17 0 -1 -6.12323e-17 0 -1 -6.12323e-17 0 -1 -6.12323e-17 0 -1 -6.12323e-17 0 -1 -6.12323e-17 0 -1 -6.12323e-17 0.0906115 -0.995886 -6.09805e-17 0.0453448 -0.998795 -0.0187822 -0.0209577 -0.998499 -0.0505964 0 -0.994878 -0.101086 0.0238561 -0.998055 0.0575939 0 -0.993362 0.115029 0 -1 -6.12323e-17 0.0906116 0.995886 6.09805e-17 0.0453448 0.998795 0.0187822 -0.0209577 0.998499 -0.0505963 0 0.994878 -0.101085 0 0.993362 0.115029 -0.0238561 0.998055 0.0575939 0 0.994878 -0.101085 0.0209577 0.998499 -0.0505963 0.0238561 0.998055 0.0575939 0 0.993362 0.115029 0.0453448 0.998795 -0.0187822 0.0906116 0.995886 6.09804e-17 0 1 6.12323e-17 0 1 6.12323e-17 0.0453447 -0.998795 0.0187822 0.0906116 -0.995886 -6.09804e-17 0 -0.994878 -0.101086 0.0209577 -0.998499 -0.0505964 0 -0.993362 0.115029 -0.0238561 -0.998055 0.0575939 0 -1 -6.12323e-17 </float_array>
          <technique_common>
            <accessor count="473" offset="0" source="#meshId0-normals-array" stride="3">
              <param name="X" type="float" />
              <param name="Y" type="float" />
              <param name="Z" type="float" />
            </accessor>
          </technique_common>
        </source>
        <source id="meshId0-tangents" name="meshId0-tangents">
          <float_array id="meshId0-tangents-array" count="1419"> -1 -1.92593e-21 3.14528e-05 -1 7.25688e-21 -0.000118514 -1 -1.34441e-21 2.19559e-05 -1 -4.1758e-22 6.8196e-06 -1 1.63902e-22 -2.67672e-06 -1 -1.97742e-22 3.22937e-06 -1 1.1908e-21 -1.94472e-05 -1 6.14682e-21 -0.000100385 -1 1.0157e-21 -1.65876e-05 -1 1.0795e-20 -0.000176296 -1 1.21141e-22 -1.97839e-06 -1 -1.25817e-21 2.05475e-05 -1 -4.00942e-22 6.54787e-06 -1 -4.42072e-21 7.21959e-05 -1 -7.32095e-22 1.1956e-05 -1 2.0058e-21 -3.27571e-05 -1 -1.4954e-22 2.44218e-06 -1 -5.54174e-22 9.05035e-06 -1 3.72456e-23 -6.08266e-07 -1 4.00945e-24 -6.54793e-08 -1 3.6493e-22 -5.95976e-06 -1 -1.04792e-21 1.71138e-05 -1 -1.61676e-21 2.64037e-05 -1 -6.4594e-23 1.0549e-06 -1 6.82081e-23 -1.11392e-06 -1 2.74481e-22 -4.48261e-06 -1 2.84185e-23 -4.64109e-07 -1 1.83497e-23 -2.99672e-07 -1 7.47691e-23 -1.22107e-06 -1 3.18013e-22 -5.19354e-06 -1 -1.27629e-22 2.08434e-06 -1 -2.68862e-21 4.39085e-05 -1 -2.46271e-21 4.02192e-05 -1 5.84881e-22 -9.55184e-06 -1 -7.60755e-21 0.000124241 -1 -4.98893e-21 8.14754e-05 -1 -2.30385e-20 0.000376247 -1 -8.95723e-21 0.000146283 -1 -8.63962e-21 0.000141096 -1 5.42693e-21 -8.86285e-05 -1 -1.76754e-20 0.000288661 -1 -8.13199e-22 1.32805e-05 -1 -2.33764e-20 0.000381765 -1 -1.49598e-20 0.000244312 -1 -3.61982e-20 0.000591162 -1 -2.10173e-20 0.000343238 -1 -5.83586e-21 9.53069e-05 -1 -6.78035e-21 0.000110731 -1 -4.5565e-21 7.44133e-05 -1 -2.23655e-22 3.65257e-06 -1 -4.3252e-20 0.000706358 -1 -2.75205e-20 0.000449444 -1 -2.02913e-21 3.31382e-05 -1 2.24135e-21 -3.66041e-05 -1 -3.565e-22 5.82208e-06 -1 1.00602e-21 -1.64295e-05 -1 -2.51309e-21 4.10419e-05 -1 -2.58419e-21 4.2203e-05 -1 -9.17951e-21 0.000149913 -1 -2.34177e-21 3.8244e-05 -1 -1.3303e-20 0.000217254 -1 -4.76146e-21 7.77605e-05 -1 -2.78363e-21 4.546e-05 -0.999999 -9.39692e-20 0.00153463 -1 -1.64574e-20 0.00026877 -1 -2.80491e-21 4.58077e-05 -1 -4.36573e-21 7.12978e-05 -1 -5.88924e-22 9.61786e-06 -1 7.12084e-22 -1.16292e-05 -1 -6.02301e-22 9.83633e-06 -1 1.04937e-21 -1.71375e-05 -1 -2.16582e-23 3.53704e-07 -1 1.92318e-20 -0.00031408 -1 4.16575e-21 -6.80318e-05 -0.999999 6.17144e-20 -0.00100787 -0.999999 7.0647e-20 -0.00115375 -1 4.61644e-20 -0.000753922 -1 7.83909e-21 -0.000128022 -1 1.07854e-20 -0.000176138 -1 4.0435e-21 -6.60353e-05 -1 -3.45039e-21 5.63491e-05 -1 2.45809e-21 -4.01437e-05 -1 -1.06447e-20 0.000173841 -1 -3.05769e-21 4.99358e-05 -1 -9.10015e-21 0.000148617 -1 -7.3836e-22 1.20583e-05 -1 -1.2823e-20 0.000209415 -1 -6.25416e-21 0.000102138 -1 -4.52258e-21 7.38592e-05 -1 -1.06298e-21 1.73598e-05 -1 -2.17793e-22 3.55684e-06 -1 -4.35738e-21 7.11614e-05 -0.999999 7.45563e-20 -0.0012176 -1 1.18735e-20 -0.000193909 -1 -1.95679e-23 3.19566e-07 -1 1.07284e-20 -0.000175209 -1 9.1777e-22 -1.49883e-05 -1 -6.41152e-22 1.04708e-05 -1 -4.99617e-21 8.15937e-05 -1 -4.24969e-23 6.94027e-07 -1 -4.55344e-21 7.43633e-05 -1 -1.67642e-20 0.00027378 -1 -4.18029e-21 6.82692e-05 -1 -6.56596e-21 0.00010723 -1 -1.208e-21 1.97281e-05 -1 -1.7086e-21 2.79036e-05 -1 -1.43299e-23 2.34025e-07 -1 -8.10015e-21 0.000132286 -1 7.4175e-21 -0.000121137 -1 -1.04914e-20 0.000171338 -1 -1.90857e-20 0.000311693 -0.999999 9.16527e-20 -0.0014968 -1 1.76787e-20 -0.000288715 -1 -2.0175e-21 3.29483e-05 -1 -9.16445e-21 0.000149667 -1 -8.20458e-21 0.000133991 -1 -1.00122e-20 0.000163512 -1 1.94381e-20 -0.000317448 -1 -2.20549e-21 3.60184e-05 -1 1.36689e-21 -2.2323e-05 -1 -5.30262e-21 8.65984e-05 -1 -9.59419e-21 0.000156685 -1 -2.01623e-20 0.000329275 -1 -1.01583e-20 0.000165898 -1 -1.06012e-21 1.7313e-05 -1 9.60379e-23 -1.56842e-06 -1 -5.67948e-21 9.27529e-05 -1 -2.64307e-20 0.000431646 -1 -1.95039e-20 0.000318523 -1 1.5623e-21 -2.55142e-05 -1 -2.17353e-22 3.54964e-06 -1 -2.25416e-21 3.68132e-05 -1 1.68917e-20 -0.000275862 -1 1.16233e-21 -1.89823e-05 -1 -5.75174e-21 9.39331e-05 -1 -9.14457e-21 0.000149342 -0.999999 -7.50311e-20 0.00122535 -1 -2.09108e-20 0.0003415 -0.999999 -8.59236e-20 0.00140324 -0.999992 -2.51261e-19 0.00410341 -0.999999 -1.02018e-19 0.00166608 -0.999999 -8.98214e-20 0.00146689 -0.999999 -8.8448e-20 0.00144447 -0.999999 -8.8949e-20 0.00145265 -0.999999 -8.80779e-20 0.00143842 -0.999999 -7.72434e-20 0.00126148 -0.999999 -8.35084e-20 0.0013638 -0.999998 -1.338e-19 0.00218513 -0.999998 -1.0471e-19 0.00171004 -0.999989 -2.8241e-19 0.0046121 -0.999998 -1.18774e-19 0.00193972 -0.999998 -1.18773e-19 0.00193971 -0.999998 -1.20588e-19 0.00196935 -0.999998 -1.16404e-19 0.00190103 -0.999998 -1.11504e-19 0.001821 -0.999998 -1.20013e-19 0.00195996 -0.999998 -1.13493e-19 0.00185349 -0.999998 -1.17774e-19 0.0019234 -0.999998 -1.1699e-19 0.00191059 -0.999998 -1.20694e-19 0.00197108 -0.999998 -1.23887e-19 0.00202323 -0.999998 -1.20273e-19 0.0019642 -0.999999 -8.65409e-20 0.00141332 -0.999996 -1.69588e-19 0.00276959 -0.999998 -1.08815e-19 0.00177708 -1 4.32895e-20 -0.000706972 -0.999999 -9.22393e-20 0.00150638 -1 -1.24286e-20 0.000202975 -1 8.73389e-21 -0.000142635 -1 5.38274e-20 -0.000879067 -0.999998 -1.25281e-19 0.00204599 -0.999997 1.59921e-19 -0.0026117 -0.999997 1.40324e-19 -0.00229166 -0.998195 3.67714e-18 -0.0600522 -0.999994 2.08236e-19 -0.00340076 -0.999952 -5.97696e-19 0.00976112 -0.999997 1.44208e-19 -0.0023551 -0.999885 9.30568e-19 -0.0151973 -1 8.18955e-21 -0.000133745 -0.999946 6.33344e-19 -0.0103433 -1 1.78012e-20 -0.000290715 -0.999991 -2.61749e-19 0.00427469 -0.999632 -1.66017e-18 0.0271127 -0.999997 -1.37855e-19 0.00225134 -1 -3.48611e-21 5.69324e-05 -0.999919 7.81279e-19 -0.0127592 -0.999985 3.3727e-19 -0.00550803 -1 -3.64493e-20 0.000595261 -0.999797 -1.23307e-18 0.0201376 -0.999997 -1.48153e-19 0.00241951 -0.999821 -1.15822e-18 0.0189151 -0.99993 -7.25226e-19 0.0118438 -0.998066 -3.8064e-18 0.0621632 -0.999326 -2.24822e-18 0.0367163 -0.999845 -1.07805e-18 0.0176058 -0.999967 -4.95387e-19 0.00809029 -0.999843 1.08417e-18 -0.0177059 -0.999247 2.37539e-18 -0.038793 -0.999999 1.03006e-19 -0.00168222 -0.999995 1.98989e-19 -0.00324973 -0.999993 2.34796e-19 -0.00383451 -0.999998 1.2354e-19 -0.00201757 -0.999962 -5.35658e-19 0.00874795 -0.999791 1.25148e-18 -0.0204382 -1 1.22605e-20 -0.00020023 -0.999976 4.26461e-19 -0.00696464 -1 1.3807e-20 -0.000225485 -0.999989 2.86569e-19 -0.00468003 -0.999987 3.15962e-19 -0.00516005 -0.999997 1.37826e-19 -0.00225087 -0.999985 -3.39276e-19 0.00554079 -0.999537 -1.86228e-18 0.0304134 -0.999537 -1.86228e-18 0.0304134 -0.999537 -1.86228e-18 0.0304134 -0.999903 8.54164e-19 -0.0139496 -0.994293 -6.53255e-18 0.106685 -0.997126 4.63924e-18 -0.0757645 -0.993553 6.94199e-18 -0.113371 -0.997863 4.00074e-18 -0.0653371 -0.999971 4.66289e-19 -0.00761507 -0.999977 4.18099e-19 -0.00682808 -0.999998 1.12071e-19 -0.00183025 -0.999999 -8.39281e-20 0.00137065 -1 3.70066e-21 -6.04365e-05 -0.999912 -8.11835e-19 0.0132583 -0.999996 -1.6585e-19 0.00270854 -0.999988 -2.94589e-19 0.004811 -0.999991 -2.55835e-19 0.00417809 -0.999993 -2.2589e-19 0.00368907 -0.99997 -4.76383e-19 0.00777992 -1 -4.75575e-20 0.000776672 -0.99646 -5.14777e-18 0.0840695 -0.999795 -1.24121e-18 0.0202704 -0.999981 -3.71984e-19 0.00607496 -0.999921 -7.67957e-19 0.0125417 -0.999975 -4.33158e-19 0.007074 -0.999834 1.11579e-18 -0.0182223 -0.999948 6.27274e-19 -0.0102442 -0.999917 7.8864e-19 -0.0128795 -0.996392 5.1969e-18 -0.0848718 -0.999974 4.45866e-19 -0.00728154 -0.999934 7.05242e-19 -0.0115175 -0.999843 1.08465e-18 -0.0177136 -0.999865 1.00457e-18 -0.0164059 -0.999989 -2.85887e-19 0.00466888 -0.999976 -4.2169e-19 0.00688672 -0.999977 -4.19288e-19 0.00684749 -0.999977 -4.17799e-19 0.00682318 -1 -3.05748e-21 4.99323e-05 -0.996815 -4.88353e-18 0.0797541 -0.995309 -5.92376e-18 0.0967424 -0.999797 -1.2327e-18 0.0201315 -0.999892 -8.98996e-19 0.0146817 -0.999849 -1.06232e-18 0.017349 -0.999773 -1.30418e-18 0.0212989 -0.999999 -1.03723e-19 0.00169392 -0.99985 -1.06232e-18 0.017349 -0.999934 -7.02881e-19 0.0114789 -0.999221 -2.41652e-18 0.0394648 -0.999534 -1.86978e-18 0.0305358 -0.999993 -2.22676e-19 0.00363657 -0.999956 -5.72891e-19 0.00935601 -0.999986 -3.3009e-19 0.00539078 -1 -1.33104e-20 0.000217375 -0.999989 2.88063e-19 -0.00470443 -0.999994 2.13506e-19 -0.00348682 -0.999706 1.4848e-18 -0.0242486 -0.997152 -4.61769e-18 0.0754125 -0.999758 -1.3471e-18 0.0219999 -0.999903 -8.50768e-19 0.0138941 -0.999992 -2.40294e-19 0.0039243 -0.999955 -5.82628e-19 0.00951504 -0.999939 -6.76779e-19 0.0110526 -0.99998 -3.88413e-19 0.00634327 -0.999972 4.58125e-19 -0.00748175 -0.999998 1.14631e-19 -0.00187207 -0.999987 -3.10514e-19 0.00507108 -0.999998 -1.14228e-19 0.00186549 -0.999998 -1.28929e-19 0.00210556 -0.999999 -7.36304e-20 0.00120248 -0.999997 1.51104e-19 -0.00246772 -0.999999 -1.02453e-19 0.00167318 -1 3.46886e-20 -0.000566508 -1 2.17175e-21 -3.54674e-05 -1 -9.13518e-21 0.000149189 -1 3.1965e-05 0.000314112 -0.999996 0.000296037 0.00290769 -1 4.07796e-05 0.000401068 -1 -2.85468e-05 -0.000280447 -1 1.1145e-05 0.00010978 -1 -9.15056e-06 -9.01769e-05 -0.999999 -0.000121921 -0.00119892 -1 2.05154e-05 0.000196734 -0.99999 0.000462168 -0.00454848 -0.996821 0.00805422 -0.0792674 -0.999906 -0.00138844 0.013665 -0.999987 -0.000516067 0.0050789 -0.999902 -0.00141605 0.0139367 -0.999963 0.000867404 -0.00853693 -0.999357 0.00362501 -0.0356777 -0.974636 0.0226224 -0.222647 -1 -6.58405e-05 0.00056832 -0.999991 -0.000486136 0.00419498 -1 -7.35946e-05 0.000635465 -1 3.00556e-05 -0.000259318 -1 -2.22328e-05 0.000192102 -1 1.54849e-05 -0.00013387 -0.999999 0.000161386 -0.0013934 -1 1.878e-05 -0.000165945 -0.999973 -0.000843619 -0.00728501 -0.99545 -0.0109606 -0.0946495 -0.999955 0.00108704 0.00938751 -0.999998 -0.00023077 -0.00199313 -0.999942 0.00123681 0.0106807 -0.999876 -0.00180846 -0.0156173 -0.998801 -0.00563097 -0.0486281 -0.97393 -0.0260948 -0.225344 -0.995886 0.0906118 -7.11491e-05 -0.995886 0.0906113 -8.01838e-05 -0.995886 0.0906119 -4.54226e-05 -0.995886 0.0906119 1.31262e-05 -0.995886 0.0906119 -2.34455e-05 -0.995886 0.0906119 5.76992e-06 -0.995886 0.0906119 5.93252e-05 -0.995886 0.0906119 3.63268e-05 -0.994816 -0.0905144 0.0463475 -0.989561 -0.0900357 0.112526 -0.995205 -0.0905499 0.036976 -0.9957 -0.090595 -0.0193206 -0.995695 -0.0905945 0.0195932 -0.995633 -0.0905888 -0.0225597 -0.995508 -0.0905774 -0.0275462 -0.995646 -0.09059 -0.0219769 -0.999092 0.0426101 -6.50618e-05 -0.995886 0.0906119 -9.61057e-05 -0.998064 0.0621864 -4.99557e-06 -0.999372 0.0354268 -2.90664e-05 -0.998971 0.0453528 4.43726e-09 -0.998971 0.0453533 -1.50484e-05 -1 -9.31089e-22 1.52058e-05 -1 1.39557e-20 -0.000227914 -1 -0.000498827 0.000433918 -0.999172 -0.0406516 0.00156072 -0.999769 -0.0214842 0.0011016 -1 4.53794e-05 0.000446619 -0.999967 0.00818017 0.000133922 -0.998722 0.0505096 -0.00193988 -0.999561 0.0295753 0.00190377 -1 -1.93881e-05 0.000167431 -0.999979 -0.00650684 0.000318077 -0.999996 0.00249974 0.00118553 -0.998927 -0.0463089 -0.0010397 -0.998926 -0.0463406 -0.00048535 -0.999981 -0.0061883 0.000554623 -1 -1.13549e-05 -0.000111754 -0.999999 0.00104942 6.00396e-05 -0.999172 0.0406724 -0.00116852 -0.999977 0.00681561 0.000416992 -1 -2.88219e-20 0.000470697 -0.999994 -0.00351174 0.000642839 -0.998928 0.0462104 0.00274148 -0.999948 0.0101452 0.000923642 -0.99992 -0.0126351 0.000240261 -1 -7.74288e-05 0.000668653 -1 -9.78056e-05 0.000845039 -0.999758 0.0220016 -0.000335214 -0.998972 0.0453282 -0.000673368 -0.998728 0.0504162 -0.000522733 -0.99906 0.043356 -0.000324635 -0.995886 0.0906124 -0.000474298 -0.995886 0.0906121 -0.000393291 -1 -1.11211e-20 0.000181622 -1 1.02525e-21 -1.67436e-05 -0.999999 8.74362e-20 -0.00142794 -1 -1.18386e-20 0.000193338 -1 7.69722e-21 -0.000125705 -1 1.03897e-20 -0.000169676 -1 -7.98332e-21 0.000130377 -1 -1.35568e-20 0.0002214 -1 -1.3385e-20 0.000218594 -1 -1.29227e-20 0.000211044 -1 -9.94553e-21 0.000162423 -1 -1.17659e-20 0.000192152 -1 -9.84616e-21 0.0001608 -1 -2.79855e-20 0.000457039 -1 -1.24732e-20 0.000203703 -1 -1.58887e-20 0.000259482 -1 3.14999e-22 -5.14433e-06 -1 3.16331e-22 -5.16607e-06 -0.999991 -2.57094e-19 0.00419866 -0.999983 -3.54603e-19 0.00579111 -0.996252 -0.0606005 0.0617211 -0.998332 -0.0468546 0.033721 -0.99851 -0.0397398 0.0374114 -0.997109 -0.0429796 0.0626601 -0.996366 -0.0447682 0.0724562 -0.98021 -0.0891861 0.176734 -0.998108 -0.0377246 -0.0485467 -0.999997 -1.40187e-19 0.00228942 -0.99836 -0.0459772 -0.0341092 -0.995754 -0.0905999 -0.0163128 -0.995339 -0.073244 -0.0627302 -0.997648 -0.0433531 -0.0531014 -0.998757 0.00621232 0.0494503 -0.999588 -1.75773e-18 0.0287059 -0.999667 -0.0122854 0.0227073 -0.999896 -0.00880329 0.0114405 -0.999305 0.00418553 0.0370388 -0.9841 0.031257 0.174845 -0.999941 0.00723039 -0.0081688 -0.998686 0.0500495 0.0109838 -0.999929 -0.00177549 -0.0117716 -0.998836 -0.0233143 -0.0422225 -0.998635 -0.0122818 -0.0507666 -0.99999 -0.000454214 0.00447033 -0.99928 -0.00592321 0.0374832 -0.999954 -5.89211e-19 0.00962254 -0.999971 0.00721164 0.00226936 -0.999972 -0.000860652 -0.00743236 -0.999636 0.00133385 0.0269332 -0.986237 -0.0364739 0.161263 -0.999784 -0.0106778 -0.0178242 -0.99834 -0.0575931 0.000301065 -0.999623 -0.000798042 -0.0274358 -0.998762 0.0451569 -0.0208649 -0.998958 0.0221649 -0.0398914 -1 0.000102762 0.000887421 -0.999091 -2.61051e-18 0.0426329 -0.999851 -1.05608e-18 0.0172471 -0.999911 -8.16853e-19 0.0133402 -0.999995 -1.85201e-19 0.00302456 -0.999985 3.4096e-19 -0.00556829 -0.999956 5.74675e-19 -0.00938516 -0.999808 1.20085e-18 -0.0196113 -1 2.65956e-20 -0.00043434 -0.999632 1.66118e-18 -0.0271291 -0.997434 4.38393e-18 -0.071595 -0.999813 -1.18263e-18 0.0193137 -0.999887 -9.22214e-19 0.0150609 -0.999997 -1.53134e-19 0.00250086 -0.999775 -1.29929e-18 0.021219 -0.999833 1.12041e-18 -0.0182977 -0.999876 9.64935e-19 -0.0157586 -0.999765 -1.3289e-18 0.0217026 -0.999779 -1.28795e-18 0.0210339 -0.993219 -0.0903688 0.0731451 -0.99749 -0.044246 -0.055281 -0.998443 0.0182861 0.0526994 -0.999988 -0.000486546 0.00478856 -0.998611 -0.0210827 0.0482914 -1 0.000110573 0.000954878 -0.999996 1.70008e-19 -0.00277644 -0.995886 0.0906116 9.32285e-05 -0.998971 0.0453528 2.30898e-09 -0.99978 -0.0209685 0.00031599 -1 4.53607e-05 0.000446438 -1 -1.93671e-05 0.00016725 -0.999714 -0.0239237 0.000485354 -1 -1.13427e-05 -0.000111634 -0.999779 0.0210091 0.000485338 -0.999715 0.0238501 0.000792261 -1 -7.73863e-05 0.000668288 -0.998971 0.0453401 -0.000673584 -0.995886 0.0906116 -0.000220734 -1 -2.02764e-20 0.000331139 -1 -1.27819e-20 0.000208744 -0.996926 -0.0440412 0.0648072 -0.993807 -0.0904224 -0.0645861 -0.999987 -0.000522801 0.00514538 -0.998626 -0.0184754 -0.0490398 -0.999974 -0.000830804 -0.00717461 -0.998833 0.021376 -0.0433008 -0.999988 3.06026e-19 -0.00499778 </float_array>
          <technique_common>
            <accessor count="473" offset="0" source="#meshId0-tangents-array" stride="3">
              <param name="X" type="float" />
              <param name="Y" type="float" />
              <param name="Z" type="float" />
            </accessor>
          </technique_common>
        </source>
        <source id="meshId0-bitangents" name="meshId0-bitangents">
          <float_array id="meshId0-bitangents-array" count="1419"> 3.14528e-05 -6.12323e-17 1 -0.000118514 -6.12323e-17 1 2.19559e-05 -6.12323e-17 1 6.8196e-06 -6.12323e-17 1 -2.67672e-06 -6.12323e-17 1 3.22937e-06 -6.12323e-17 1 -1.94472e-05 -6.12323e-17 1 -0.000100385 -6.12323e-17 1 -1.65876e-05 -6.12323e-17 1 -0.000176296 -6.12323e-17 1 -1.97839e-06 -6.12323e-17 1 2.05475e-05 -6.12323e-17 1 6.54787e-06 -6.12323e-17 1 7.21959e-05 -6.12323e-17 1 1.1956e-05 -6.12323e-17 1 -3.27571e-05 -6.12323e-17 1 2.44218e-06 -6.12323e-17 1 9.05035e-06 -6.12323e-17 1 -6.08266e-07 -6.12323e-17 1 -6.54793e-08 -6.12323e-17 1 -5.95976e-06 -6.12323e-17 1 1.71138e-05 -6.12323e-17 1 2.64037e-05 -6.12323e-17 1 1.0549e-06 -6.12323e-17 1 -1.11392e-06 -6.12323e-17 1 -4.48261e-06 -6.12323e-17 1 -4.64109e-07 -6.12323e-17 1 -2.99672e-07 -6.12323e-17 1 -1.22107e-06 -6.12323e-17 1 -5.19354e-06 -6.12323e-17 1 2.08434e-06 -6.12323e-17 1 4.39085e-05 -6.12323e-17 1 4.02192e-05 -6.12323e-17 1 -9.55184e-06 -6.12323e-17 1 0.000124241 -6.12323e-17 1 8.14754e-05 -6.12323e-17 1 0.000376247 -6.12323e-17 1 0.000146283 -6.12323e-17 1 0.000141096 -6.12323e-17 1 -8.86285e-05 -6.12323e-17 1 0.000288661 -6.12323e-17 1 1.32805e-05 -6.12323e-17 1 0.000381765 -6.12323e-17 1 0.000244312 -6.12323e-17 1 0.000591162 -6.12323e-17 1 0.000343238 -6.12323e-17 1 9.53069e-05 -6.12323e-17 1 0.000110731 -6.12323e-17 1 7.44133e-05 -6.12323e-17 1 3.65257e-06 -6.12323e-17 1 0.000706358 -6.12323e-17 1 0.000449444 -6.12323e-17 1 3.31382e-05 -6.12323e-17 1 -3.66041e-05 -6.12323e-17 1 5.82208e-06 -6.12323e-17 1 -1.64295e-05 -6.12323e-17 1 4.10419e-05 -6.12323e-17 1 4.2203e-05 -6.12323e-17 1 0.000149913 -6.12323e-17 1 3.8244e-05 -6.12323e-17 1 0.000217254 -6.12323e-17 1 7.77605e-05 -6.12323e-17 1 4.546e-05 -6.12323e-17 1 0.00153463 -6.12323e-17 0.999999 0.00026877 -6.12323e-17 1 4.58077e-05 -6.12323e-17 1 7.12978e-05 -6.12323e-17 1 9.61786e-06 -6.12323e-17 1 -1.16292e-05 -6.12323e-17 1 9.83633e-06 -6.12323e-17 1 -1.71375e-05 -6.12323e-17 1 3.53704e-07 -6.12323e-17 1 -0.00031408 -6.12323e-17 1 -6.80318e-05 -6.12323e-17 1 -0.00100787 -6.12323e-17 0.999999 -0.00115375 -6.12323e-17 0.999999 -0.000753922 -6.12323e-17 1 -0.000128022 -6.12323e-17 1 -0.000176138 -6.12323e-17 1 -6.60353e-05 -6.12323e-17 1 5.63491e-05 -6.12323e-17 1 -4.01437e-05 -6.12323e-17 1 0.000173841 -6.12323e-17 1 4.99358e-05 -6.12323e-17 1 0.000148617 -6.12323e-17 1 1.20583e-05 -6.12323e-17 1 0.000209415 -6.12323e-17 1 0.000102138 -6.12323e-17 1 7.38592e-05 -6.12323e-17 1 1.73598e-05 -6.12323e-17 1 3.55684e-06 -6.12323e-17 1 7.11614e-05 -6.12323e-17 1 -0.0012176 -6.12323e-17 0.999999 -0.000193909 -6.12323e-17 1 3.19566e-07 -6.12323e-17 1 -0.000175209 -6.12323e-17 1 -1.49883e-05 -6.12323e-17 1 1.04708e-05 -6.12323e-17 1 8.15937e-05 -6.12323e-17 1 6.94027e-07 -6.12323e-17 1 7.43633e-05 -6.12323e-17 1 0.00027378 -6.12323e-17 1 6.82692e-05 -6.12323e-17 1 0.00010723 -6.12323e-17 1 1.97281e-05 -6.12323e-17 1 2.79036e-05 -6.12323e-17 1 2.34025e-07 -6.12323e-17 1 0.000132286 -6.12323e-17 1 -0.000121137 -6.12323e-17 1 0.000171338 -6.12323e-17 1 0.000311693 -6.12323e-17 1 -0.0014968 -6.12323e-17 0.999999 -0.000288715 -6.12323e-17 1 3.29483e-05 -6.12323e-17 1 0.000149667 -6.12323e-17 1 0.000133991 -6.12323e-17 1 0.000163512 -6.12323e-17 1 -0.000317448 -6.12323e-17 1 3.60184e-05 -6.12323e-17 1 -2.2323e-05 -6.12323e-17 1 8.65984e-05 -6.12323e-17 1 0.000156685 -6.12323e-17 1 0.000329275 -6.12323e-17 1 0.000165898 -6.12323e-17 1 1.7313e-05 -6.12323e-17 1 -1.56842e-06 -6.12323e-17 1 9.27529e-05 -6.12323e-17 1 0.000431646 -6.12323e-17 1 0.000318523 -6.12323e-17 1 -2.55142e-05 -6.12323e-17 1 3.54964e-06 -6.12323e-17 1 3.68132e-05 -6.12323e-17 1 -0.000275862 -6.12323e-17 1 -1.89823e-05 -6.12323e-17 1 9.39331e-05 -6.12323e-17 1 0.000149342 -6.12323e-17 1 0.00122535 -6.12323e-17 0.999999 0.0003415 -6.12323e-17 1 -0.00140324 6.12323e-17 -0.999999 -0.00410341 6.12318e-17 -0.999992 -0.00166608 6.12323e-17 -0.999999 -0.00146689 6.12323e-17 -0.999999 -0.00144447 6.12323e-17 -0.999999 -0.00145265 6.12323e-17 -0.999999 -0.00143842 6.12323e-17 -0.999999 -0.00126148 6.12323e-17 -0.999999 -0.0013638 6.12323e-17 -0.999999 -0.00218513 6.12322e-17 -0.999998 -0.00171004 6.12322e-17 -0.999998 -0.0046121 6.12317e-17 -0.999989 -0.00193972 6.12322e-17 -0.999998 -0.00193971 6.12322e-17 -0.999998 -0.00196935 6.12322e-17 -0.999998 -0.00190103 6.12322e-17 -0.999998 -0.001821 6.12322e-17 -0.999998 -0.00195996 6.12322e-17 -0.999998 -0.00185349 6.12322e-17 -0.999998 -0.0019234 6.12322e-17 -0.999998 -0.00191059 6.12322e-17 -0.999998 -0.00197108 6.12322e-17 -0.999998 -0.00202323 6.12322e-17 -0.999998 -0.0019642 6.12322e-17 -0.999998 -0.00141332 6.12323e-17 -0.999999 -0.00276959 6.12321e-17 -0.999996 -0.00177708 6.12322e-17 -0.999998 0.000706972 6.12323e-17 -1 -0.00150638 6.12323e-17 -0.999999 -0.000202975 6.12323e-17 -1 0.000142635 6.12323e-17 -1 0.000879067 6.12323e-17 -1 -0.00204599 6.12322e-17 -0.999998 0.0026117 6.12321e-17 -0.999997 0.00229166 6.12322e-17 -0.999997 0.0600522 6.11218e-17 -0.998195 0.00340076 6.1232e-17 -0.999994 -0.00976112 6.12294e-17 -0.999952 0.0023551 6.12322e-17 -0.999997 0.0151973 6.12253e-17 -0.999885 0.000133745 6.12323e-17 -1 0.0103433 6.12291e-17 -0.999946 0.000290715 6.12323e-17 -1 -0.00427469 6.12318e-17 -0.999991 -0.0271127 6.12098e-17 -0.999632 -0.00225134 6.12322e-17 -0.999997 -5.69324e-05 6.12323e-17 -1 0.0127592 6.12274e-17 -0.999919 0.00550803 6.12314e-17 -0.999985 -0.000595261 6.12323e-17 -1 -0.0201376 6.12199e-17 -0.999797 -0.00241951 6.12322e-17 -0.999997 -0.0189151 6.12214e-17 -0.999821 -0.0118438 6.1228e-17 -0.99993 -0.0621632 6.11139e-17 -0.998066 -0.0367163 6.11911e-17 -0.999326 -0.0176058 6.12229e-17 -0.999845 -0.00809029 6.12303e-17 -0.999967 0.0177059 6.12227e-17 -0.999843 0.038793 6.11863e-17 -0.999247 0.00168222 6.12323e-17 -0.999999 0.00324973 6.1232e-17 -0.999995 0.00383451 6.12319e-17 -0.999993 0.00201757 6.12322e-17 -0.999998 -0.00874795 6.123e-17 -0.999962 0.0204382 6.12196e-17 -0.999791 0.00020023 6.12323e-17 -1 0.00696464 6.12309e-17 -0.999976 0.000225485 6.12323e-17 -1 0.00468003 6.12317e-17 -0.999989 0.00516005 6.12315e-17 -0.999987 0.00225087 6.12322e-17 -0.999997 -0.00554079 6.12314e-17 -0.999985 0.0304134 -6.1204e-17 0.999537 0.0304134 -6.1204e-17 0.999537 0.0304134 -6.1204e-17 0.999537 0.0139496 6.12264e-17 -0.999903 -0.106685 6.08829e-17 -0.994293 0.0757645 6.10563e-17 -0.997126 0.113371 6.08376e-17 -0.993553 0.0653371 6.11015e-17 -0.997863 0.00761507 6.12306e-17 -0.999971 0.00682808 6.12309e-17 -0.999977 0.00183025 6.12322e-17 -0.999998 -0.00137065 6.12323e-17 -0.999999 6.04365e-05 6.12323e-17 -1 -0.0132583 6.1227e-17 -0.999912 -0.00270854 6.12321e-17 -0.999996 -0.004811 6.12316e-17 -0.999988 -0.00417809 6.12318e-17 -0.999991 -0.00368907 6.12319e-17 -0.999993 -0.00777992 6.12305e-17 -0.99997 -0.000776672 6.12323e-17 -1 -0.0840695 6.10156e-17 -0.99646 -0.0202704 6.12198e-17 -0.999795 -0.00607496 6.12312e-17 -0.999981 -0.0125417 6.12275e-17 -0.999921 -0.007074 6.12308e-17 -0.999975 0.0182223 6.12222e-17 -0.999834 0.0102442 6.12291e-17 -0.999948 0.0128795 6.12273e-17 -0.999917 0.0848718 6.10114e-17 -0.996392 0.00728154 6.12307e-17 -0.999974 0.0115175 6.12283e-17 -0.999934 0.0177136 6.12227e-17 -0.999843 0.0164059 6.12241e-17 -0.999865 -0.00466888 6.12317e-17 -0.999989 -0.00688672 6.12309e-17 -0.999976 -0.00684749 6.12309e-17 -0.999977 -0.00682318 6.12309e-17 -0.999977 -4.99323e-05 6.12323e-17 -1 -0.0797541 6.10373e-17 -0.996815 -0.0967424 6.09451e-17 -0.995309 -0.0201315 6.12199e-17 -0.999797 -0.0146817 6.12257e-17 -0.999892 -0.017349 6.12231e-17 -0.999849 -0.0212989 6.12185e-17 -0.999773 -0.00169392 6.12323e-17 -0.999999 -0.017349 6.12231e-17 -0.99985 -0.0114789 6.12283e-17 -0.999934 -0.0394648 6.11846e-17 -0.999221 -0.0305358 6.12038e-17 -0.999534 -0.00363657 6.12319e-17 -0.999993 -0.00935601 6.12297e-17 -0.999956 -0.00539078 6.12315e-17 -0.999986 -0.000217375 6.12323e-17 -1 0.00470443 6.12317e-17 -0.999989 0.00348682 6.1232e-17 -0.999994 0.0242486 6.12143e-17 -0.999706 -0.0754125 6.1058e-17 -0.997152 -0.0219999 6.12175e-17 -0.999758 -0.0138941 6.12264e-17 -0.999903 -0.0039243 6.12319e-17 -0.999992 -0.00951504 6.12296e-17 -0.999955 -0.0110526 6.12286e-17 -0.999939 -0.00634327 6.12311e-17 -0.99998 0.00748175 6.12306e-17 -0.999972 0.00187207 6.12322e-17 -0.999998 -0.00507108 6.12316e-17 -0.999987 -0.00186549 6.12322e-17 -0.999998 -0.00210556 6.12322e-17 -0.999998 -0.00120248 6.12323e-17 -0.999999 0.00246772 6.12322e-17 -0.999997 -0.00167318 6.12323e-17 -0.999999 0.000566508 6.12323e-17 -1 -3.54674e-05 -6.12323e-17 1 0.000149189 -6.12323e-17 1 0.000315734 0.101085 0.994878 0.00292273 0.101085 0.994874 0.000403136 0.101086 0.994878 -0.000281896 0.101086 0.994878 0.000110344 0.101086 0.994878 -9.064e-05 0.101086 0.994878 -0.00120511 0.101085 0.994877 0.0001978 0.101086 0.994878 0.0045719 0.101084 -0.994867 0.0796756 0.100764 -0.991715 -0.0137354 0.101076 -0.994784 -0.00510505 0.101084 -0.994865 -0.0140085 0.101076 -0.99478 0.00858089 0.101082 -0.994841 0.0358614 0.101021 -0.994238 0.223794 0.0985216 -0.969644 0.000572121 -0.115029 0.993362 0.00422306 -0.115028 0.993353 0.000639713 -0.115029 0.993362 -0.000261054 -0.115029 0.993362 0.000193384 -0.115029 0.993362 -0.000134763 -0.115029 0.993362 -0.00140272 -0.115029 0.993361 -0.000167004 -0.115029 0.993362 0.0073337 -0.115026 -0.993335 0.095282 -0.114506 -0.988843 -0.00945024 -0.115024 -0.993318 0.00200645 -0.115029 -0.99336 -0.010752 -0.115023 -0.993305 0.0157216 -0.115015 -0.993239 0.048953 -0.114891 -0.992171 0.22685 -0.11203 -0.967465 -7.08628e-05 6.37626e-06 1 -7.99319e-05 6.40842e-06 1 -4.52411e-05 4.05659e-06 1 1.30785e-05 -1.11927e-06 1 -2.33487e-05 2.12831e-06 1 5.74485e-06 -5.37491e-07 1 5.90944e-05 -5.22979e-06 1 3.61084e-05 -4.04885e-06 1 -0.0461568 -0.00419954 -0.998925 -0.112063 -0.010195 -0.993649 -0.0368239 -0.0033504 -0.999316 0.0192411 0.0017506 -0.999813 -0.0195126 -0.00177538 -0.999808 0.0224669 0.0020442 -0.999745 0.0274329 0.00249586 -0.999621 0.0218864 0.00199221 -0.999758 0.00092934 0.023317 0.999728 -9.57104e-05 8.70833e-06 1 -0.0003211 -0.00507318 0.999987 4.20338e-05 0.00200621 0.999998 -0.0016537 -0.0364255 0.999335 -0.00166875 -0.0364249 0.999335 1.52058e-05 -6.12323e-17 1 -0.000227914 -6.12323e-17 1 0.000411345 0.0443941 0.999014 -0.000498136 0.0505871 0.99872 -9.48342e-06 0.0516478 0.998665 0.000448919 0.101086 0.994878 0.000683651 0.0672369 0.997737 0.000617989 0.0505765 0.99872 0.000299843 -0.0541422 0.998533 0.000168549 -0.115029 0.993362 0.000830938 -0.0789688 0.996877 0.00107183 -0.0450028 0.998986 0.00162814 -0.0575349 0.998342 0.00218281 -0.0575092 0.998343 0.000237532 0.051124 0.998692 -0.000112329 0.101086 0.994878 0.000145835 0.0819469 0.996637 0.00089056 0.0505712 0.99872 0.000706112 0.042473 0.999097 0.000470697 -6.12323e-17 1 0.000740707 -0.0279388 0.999609 7.46532e-05 -0.0576138 0.998339 0.00027204 -0.0640424 0.997947 0.000935677 -0.0550616 0.998483 0.000673121 -0.115029 0.993362 0.00085068 -0.115029 0.993362 -0.000395603 -0.00274047 0.999996 0.000980587 0.0364563 0.999335 -0.000118129 0.00802791 0.999968 -0.000754496 -0.00989867 0.999951 -0.000472347 4.29773e-05 1 -0.000391665 3.57287e-05 1 0.000181622 -6.12323e-17 1 -1.67436e-05 -6.12323e-17 1 -0.00142794 -6.12323e-17 0.999999 0.000193338 -6.12323e-17 1 -0.000125705 -6.12323e-17 1 -0.000169676 -6.12323e-17 1 0.000130377 -6.12323e-17 1 0.0002214 -6.12323e-17 1 0.000218594 -6.12323e-17 1 0.000211044 -6.12323e-17 1 0.000162423 -6.12323e-17 1 0.000192152 -6.12323e-17 1 0.0001608 -6.12323e-17 1 0.000457039 -6.12323e-17 1 0.000203703 -6.12323e-17 1 0.000259482 -6.12323e-17 1 -5.14433e-06 -6.12323e-17 1 -5.16607e-06 -6.12323e-17 1 -0.00419866 6.12318e-17 -0.999991 -0.00579111 6.12313e-17 -0.999983 -0.06205 0.0035576 -0.998067 -0.0357745 0.0437028 -0.998404 -0.0373634 -0.00195136 -0.9993 -0.0609868 -0.0391976 -0.997369 -0.071502 -0.0225611 -0.997185 -0.176007 -0.0160143 -0.984259 0.048281 0.0079214 -0.998803 -0.00228942 6.12322e-17 -0.999997 0.0343287 -0.00399214 -0.999403 0.0162456 0.00147813 -0.999867 0.0624924 0.00553612 -0.99803 0.0514307 0.0387842 -0.997923 -0.0491276 0.0443349 -0.997808 -0.0287059 6.12071e-17 -0.999588 -0.0233233 0.0525656 -0.998345 -0.0121515 0.0854725 -0.996266 -0.0366151 0.0758615 -0.996446 -0.172896 0.0568741 -0.983297 0.00864695 0.0687772 -0.997595 -0.00842601 0.0510318 -0.998661 0.0116922 0.0395546 -0.999149 0.0411724 0.0438199 -0.998191 0.0499694 0.0582665 -0.99705 -0.00449335 0.101085 -0.994868 -0.0371518 -0.0486139 -0.998127 -0.00962254 6.12295e-17 -0.999954 -0.00268514 -0.0581768 -0.998303 0.00748203 -0.115026 -0.993334 -0.0269401 -0.0932668 -0.995277 -0.158724 -0.0642217 -0.985232 0.0185884 -0.0763514 -0.996908 0.0030124 -0.0574369 -0.998345 0.027441 -0.0505324 -0.998345 0.0182092 -0.0584432 -0.998125 0.0385077 -0.0596921 -0.997474 -0.000893351 -0.115029 -0.993362 -0.0426329 6.11767e-17 -0.999091 -0.0172471 6.12232e-17 -0.999851 -0.0133402 6.12269e-17 -0.999911 -0.00302456 6.12321e-17 -0.999995 0.00556829 6.12314e-17 -0.999985 0.00938516 6.12296e-17 -0.999956 0.0196113 6.12206e-17 -0.999808 0.00043434 6.12323e-17 -1 0.0271291 6.12098e-17 -0.999632 0.071595 6.10752e-17 -0.997434 -0.0193137 6.12209e-17 -0.999813 -0.0150609 6.12254e-17 -0.999887 -0.00250086 6.12322e-17 -0.999997 -0.021219 6.12186e-17 -0.999775 0.0182977 6.12221e-17 -0.999833 0.0157586 6.12247e-17 -0.999876 -0.0217026 6.12179e-17 -0.999765 -0.0210339 6.12188e-17 -0.999779 -0.0728442 -0.00662779 -0.997321 0.0543834 0.0212418 -0.998294 -0.0516951 0.0516221 -0.997328 -0.00481321 0.101084 -0.994866 -0.0469832 -0.058666 -0.997172 -0.000961259 -0.115029 -0.993362 0.00277644 6.12321e-17 -0.999996 9.2845e-05 -8.44759e-06 1 -0.000851824 -0.0187629 0.999824 -0.000745414 0.0505918 0.998719 0.000448737 0.101085 0.994878 0.000168367 -0.115029 0.993362 0.00186227 -0.0575658 0.99834 -0.000112209 0.101085 0.994878 0.00154759 0.0505749 0.998719 -0.000582898 -0.0575964 0.99834 0.000672754 -0.115029 0.993362 0.000178817 0.0187935 0.999823 -0.000219826 2.0001e-05 1 0.000331139 -6.12323e-17 1 0.000208744 -6.12323e-17 1 -0.0639019 -0.0216631 -0.997721 0.0643204 0.00585225 -0.997912 -0.00517187 0.101084 -0.994865 0.0480314 0.0515546 -0.997515 0.00722255 -0.115026 -0.993336 0.0419854 -0.0585597 -0.997401 0.00499778 6.12316e-17 -0.999988 </float_array>
          <technique_common>
            <accessor count="473" offset="0" source="#meshId0-bitangents-array" stride="3">
              <param name="X" type="float" />
              <param name="Y" type="float" />
              <param name="Z" type="float" />
            </accessor>
          </technique_common>
        </source>
        <source id="meshId0-tex0" name="meshId0-tex0">
          <float_array id="meshId0-tex0-array" count="946"> 0.452783 0.964211 0.444667 0.972328 0.432608 0.980524 0.418286 0.983256 0.0379486 0.983256 0.024467 0.981758 0.0139815 0.977264 0.00649174 0.969774 0.00199728 0.959288 0.0005 0.945806 0.000502028 0.849005 0.452785 0.85323 0.000517324 0.535619 0.00201493 0.522138 0.00650931 0.511652 0.0139991 0.504162 0.024485 0.499668 0.0379666 0.49817 0.418303 0.49817 0.432625 0.500902 0.444684 0.509098 0.452801 0.517213 0.4528 0.685037 0.00051625 0.685037 0.000506262 0.833311 0.452789 0.833312 0.452798 0.722701 0.000513627 0.722701 0.000510168 0.812819 0.452793 0.81282 0.469886 0.81282 0.469883 0.828754 0.46882 0.831318 0.466816 0.83332 0.56657 0.849001 0.576823 0.849 0.57989 0.852062 0.57989 0.983247 0.563504 0.983251 0.563504 0.852066 0.578899 0.498147 0.578899 0.68195 0.575834 0.685016 0.56557 0.685018 0.562505 0.681959 0.562504 0.498156 0.726479 0.83329 0.724476 0.831285 0.723414 0.828719 0.762976 0.83329 0.723415 0.817362 0.724477 0.814797 0.726481 0.812792 0.762978 0.812793 0.47188 0.844474 0.47587 0.844595 0.478696 0.845347 0.48251 0.849396 0.482575 0.849039 0.48152 0.846854 0.509697 0.669298 0.723897 0.849394 0.719801 0.983243 0.581894 0.850059 0.584459 0.848995 0.706021 0.849052 0.701392 0.849008 0.698388 0.848994 0.726625 0.683965 0.762982 0.683964 0.76298 0.722672 0.726483 0.722672 0.72448 0.720668 0.723419 0.718103 0.724011 0.697241 0.723565 0.70182 0.723419 0.704817 0.467883 0.835647 0.469727 0.835887 0.471872 0.837432 0.472674 0.839087 0.472822 0.841853 0.485546 0.852069 0.485383 0.983253 0.472484 0.980523 0.4609 0.972327 0.71124 0.684836 0.706615 0.684968 0.703612 0.685011 0.583466 0.685013 0.580902 0.68395 0.719811 0.498141 0.723764 0.697264 0.721704 0.696015 0.720708 0.693556 0.720568 0.690723 0.721501 0.687561 0.717637 0.688013 0.71475 0.68763 0.71475 0.68763 0.712421 0.686701 0.71124 0.684835 0.735352 0.499867 0.74744 0.505047 0.756075 0.513682 0.761256 0.52577 0.762982 0.541312 0.71975 0.84589 0.719183 0.842721 0.719657 0.839934 0.721164 0.837269 0.723362 0.836321 0.723505 0.836357 0.762975 0.849393 0.707266 0.847478 0.713099 0.845427 0.715994 0.8452 0.762974 0.940069 0.761247 0.95561 0.756067 0.967699 0.747432 0.976333 0.735344 0.981514 0.487553 0.850065 0.490118 0.849003 0.558936 0.849001 0.5615 0.850064 0.505607 0.689297 0.510697 0.686382 0.516404 0.68503 0.469889 0.728941 0.471333 0.723326 0.474448 0.718438 0.460917 0.509095 0.472976 0.500899 0.487298 0.498167 0.509501 0.498164 0.560501 0.683963 0.557937 0.685027 0.00100731 0.143911 0.00119761 0.0471023 0.00271454 0.0336258 0.00722233 0.0231488 0.0147217 0.0156715 0.0252115 0.0111937 0.0386921 0.00971557 0.453205 0.1403 0.418947 0.010263 0.453511 0.0293408 0.433262 0.0130148 0.445307 0.0212261 0.432447 0.493039 0.418122 0.495743 0.0378681 0.495005 0.444519 0.484869 0.452714 0.476785 0.0243923 0.493481 0.0139179 0.488968 0.0064438 0.481465 0.00197122 0.470973 0.0005 0.457492 0.452963 0.308985 0.000742445 0.308087 0.000898241 0.159665 0.453051 0.160318 0.000724435 0.270385 0.452872 0.271263 0.000833657 0.180223 0.452976 0.180933 0.467032 0.160359 0.469005 0.162383 0.47005 0.164986 0.469982 0.180888 0.724621 0.268626 0.724852 0.184525 0.728012 0.181271 0.764522 0.181556 0.764259 0.271712 0.72775 0.271918 0.581006 0.0107821 0.581342 0.141958 0.578096 0.145074 0.564622 0.010719 0.564495 0.141892 0.567737 0.14505 0.562694 0.496019 0.563378 0.312243 0.56663 0.309106 0.576994 0.309112 0.580225 0.312224 0.57919 0.496003 0.726051 0.179134 0.725104 0.176429 0.72539 0.1649 0.726404 0.162365 0.728387 0.160368 0.764846 0.160733 0.482987 0.14417 0.483034 0.144505 0.481932 0.146665 0.479066 0.148199 0.476226 0.14897 0.472221 0.149104 0.509938 0.324853 0.707801 0.14425 0.703159 0.144373 0.700218 0.144402 0.700218 0.144402 0.586175 0.144868 0.583458 0.14395 0.72094 0.0102413 0.725736 0.144074 0.707801 0.14425 0.700218 0.144402 0.725736 0.144074 0.725817 0.297758 0.725288 0.293178 0.725155 0.290222 0.724826 0.276787 0.725774 0.274071 0.764787 0.310755 0.728361 0.311034 0.468118 0.157998 0.473113 0.151749 0.472915 0.154524 0.472075 0.156208 0.469941 0.157758 0.461751 0.0212374 0.473357 0.0130765 0.486385 0.010394 0.486146 0.141536 0.720194 0.496769 0.582341 0.310229 0.585048 0.309309 0.712895 0.310346 0.708251 0.310138 0.705301 0.31008 0.723241 0.307503 0.722345 0.304331 0.722534 0.301486 0.725633 0.297763 0.723608 0.299025 0.714127 0.308568 0.71936 0.307107 0.716463 0.307555 0.76373 0.453728 0.761897 0.469254 0.756634 0.481304 0.747943 0.489877 0.735822 0.494974 0.72546 0.157171 0.725367 0.157181 0.723195 0.156197 0.721617 0.147538 0.721094 0.150715 0.721622 0.153506 0.764848 0.144167 0.717836 0.148173 0.714912 0.147896 0.714912 0.147896 0.709084 0.145732 0.707835 0.144192 0.707801 0.14425 0.736549 0.0120094 0.74866 0.017132 0.757333 0.0257238 0.762569 0.0377849 0.764369 0.0533154 0.562378 0.143841 0.559664 0.144754 0.488166 0.143543 0.490687 0.144603 0.50572 0.304938 0.51098 0.307891 0.516858 0.30929 0.469763 0.264793 0.471293 0.270578 0.474456 0.275667 0.50954 0.495944 0.48724 0.495893 0.472925 0.493139 0.460881 0.484927 0.558615 0.309351 0.561281 0.310288 0.723417 0.809724 0.723418 0.725738 0.56657 0.849001 0.564566 0.847 0.563504 0.844435 0.576823 0.849 0.563505 0.832966 0.579888 0.832966 0.578827 0.846999 0.579889 0.844434 0.578096 0.145074 0.580097 0.147145 0.580986 0.149931 0.567737 0.14505 0.580642 0.161277 0.565085 0.16122 0.565723 0.147089 0.564821 0.149869 0.575834 0.685016 0.577837 0.687016 0.5789 0.689582 0.56557 0.685018 0.5789 0.699108 0.562505 0.699108 0.563567 0.687019 0.562505 0.689583 0.56663 0.309106 0.564623 0.307068 0.56372 0.304297 0.576994 0.309112 0.56402 0.2949 0.579576 0.294883 0.578999 0.307047 0.579903 0.304275 0.723417 0.809724 0.721416 0.811728 0.718851 0.81279 0.723418 0.725738 0.705529 0.812789 0.705529 0.722672 0.721416 0.723734 0.718852 0.722672 0.724621 0.268626 0.72255 0.270637 0.719752 0.271511 0.724852 0.184525 0.706544 0.271167 0.706795 0.181881 0.722798 0.182514 0.720006 0.181621 0.723418 0.725738 0.721416 0.723734 0.721417 0.721609 0.726483 0.722672 0.722358 0.720668 0.72448 0.720668 0.470218 0.83172 0.470881 0.834616 0.563504 0.852066 0.5615 0.850064 0.561501 0.847942 0.562442 0.847001 0.564566 0.847 0.56657 0.849001 0.56557 0.685018 0.563567 0.687019 0.561442 0.687019 0.562505 0.681959 0.560502 0.686082 0.560501 0.683963 0.576823 0.849 0.578827 0.846999 0.580951 0.846999 0.581892 0.847938 0.581894 0.850059 0.57989 0.852062 0.578899 0.68195 0.580902 0.68395 0.580901 0.686072 0.575834 0.685016 0.579962 0.687014 0.577837 0.687016 0.726481 0.812792 0.724477 0.814797 0.722355 0.814795 0.723417 0.809724 0.721416 0.813853 0.721416 0.811728 0.709551 0.685862 0.706589 0.685293 0.723132 0.70184 0.722555 0.698882 0.719078 0.691104 0.71721 0.689246 0.701371 0.848741 0.701371 0.848741 0.704368 0.848229 0.706021 0.849051 0.715668 0.843964 0.717766 0.842207 0.722286 0.834507 0.723032 0.831676 0.484303 0.847926 0.487158 0.848639 0.47437 0.841521 0.47633 0.843558 0.471051 0.159052 0.47038 0.161984 0.72255 0.270637 0.724621 0.268626 0.72775 0.271918 0.725774 0.274071 0.72367 0.273921 0.722538 0.27276 0.726051 0.179134 0.728012 0.181271 0.724852 0.184525 0.722798 0.182514 0.722803 0.180397 0.723941 0.179261 0.562378 0.143841 0.564495 0.141892 0.567737 0.14505 0.565723 0.147089 0.563614 0.147077 0.562494 0.145929 0.580097 0.147145 0.578096 0.145074 0.581342 0.141958 0.583458 0.14395 0.583339 0.146028 0.58221 0.147156 0.582341 0.310229 0.580225 0.312224 0.576994 0.309112 0.578999 0.307047 0.581115 0.307031 0.582228 0.308153 0.564623 0.307068 0.56663 0.309106 0.563378 0.312243 0.561281 0.310288 0.561415 0.308201 0.562515 0.307066 0.725045 0.161888 0.724328 0.159001 0.487683 0.144918 0.484768 0.145596 0.476654 0.150005 0.474652 0.152067 0.706178 0.145008 0.703176 0.144586 0.724453 0.296155 0.724952 0.293188 0.708262 0.309882 0.711241 0.309403 0.712935 0.310408 0.708262 0.309882 0.718948 0.305878 0.720857 0.30397 0.719684 0.151195 0.717533 0.149396 0.719752 0.271511 0.725104 0.176429 0.559664 0.144754 0.580986 0.149931 0.585048 0.309309 0.56372 0.304297 0.714127 0.308568 0.718852 0.722672 0.723419 0.718103 0.558936 0.849001 0.563504 0.844435 0.562505 0.689583 0.557937 0.685027 0.579889 0.844434 0.584459 0.848995 0.583466 0.685013 0.5789 0.689582 0.723415 0.817362 0.718851 0.81279 0.709551 0.685862 0.707266 0.847478 0.724826 0.276787 0.720006 0.181621 0.564821 0.149869 0.586175 0.144868 0.579903 0.304275 0.558615 0.309351 0.706178 0.145008 </float_array>
          <technique_common>
            <accessor count="473" offset="0" source="#meshId0-tex0-array" stride="2">
              <param name="S" type="float" />
              <param name="T" type="float" />
            </accessor>
          </technique_common>
        </source>
        <vertices id="meshId0-vertices">
          <input semantic="POSITION" source="#meshId0-positions" />
          <input semantic="NORMAL" source="#meshId0-normals" />
          <input semantic="TANGENT" source="#meshId0-tangents" />
          <input semantic="BINORMAL" source="#meshId0-bitangents" />
          <input semantic="TEXCOORD" source="#meshId0-tex0"  />
        </vertices>
        <polylist count="492" material="defaultMaterial">
          <input offset="0" semantic="VERTEX" source="#meshId0-vertices" />
          <vcount>3 3 3 3 3 3 3 3 3 3 3 3 3 3 3 3 3 3 3 3 3 3 3 3 3 3 3 3 3 3 3 3 3 3 3 3 3 3 3 3 3 3 3 3 3 3 3 3 3 3 3 3 3 3 3 3 3 3 3 3 3 3 3 3 3 3 3 3 3 3 3 3 3 3 3 3 3 3 3 3 3 3 3 3 3 3 3 3 3 3 3 3 3 3 3 3 3 3 3 3 3 3 3 3 3 3 3 3 3 3 3 3 3 3 3 3 3 3 3 3 3 3 3 3 3 3 3 3 3 3 3 3 3 3 3 3 3 3 3 3 3 3 3 3 3 3 3 3 3 3 3 3 3 3 3 3 3 3 3 3 3 3 3 3 3 3 3 3 3 3 3 3 3 3 3 3 3 3 3 3 3 3 3 3 3 3 3 3 3 3 3 3 3 3 3 3 3 3 3 3 3 3 3 3 3 3 3 3 3 3 3 3 3 3 3 3 3 3 3 3 3 3 3 3 3 3 3 3 3 3 3 3 3 3 3 3 3 3 3 3 3 3 3 3 3 3 3 3 3 3 3 3 3 3 3 3 3 3 3 3 3 3 3 3 3 3 3 3 3 3 3 3 3 3 3 3 3 3 3 3 3 3 3 3 3 3 3 3 3 3 3 3 3 3 3 3 3 3 3 3 3 3 3 3 3 3 3 3 3 3 3 3 3 3 3 3 3 3 3 3 3 3 3 3 3 3 3 3 3 3 3 3 3 3 3 3 3 3 3 3 3 3 3 3 3 3 3 3 3 3 3 3 3 3 3 3 3 3 3 3 3 3 3 3 3 3 3 3 3 3 3 3 3 3 3 3 3 3 3 3 3 3 3 3 3 3 3 3 3 3 3 3 3 3 3 3 3 3 3 3 3 3 3 3 3 3 3 3 3 3 3 3 3 3 3 3 3 3 3 3 3 3 3 3 3 3 3 3 3 3 3 3 3 3 3 3 3 3 3 3 3 3 3 3 3 3 3 3 3 3 3 3 3 3 3 3 3 3 3 3 3 3 3 3 3 3 3 3 3 3 3 3 3 3 3 3 3 3 3 3 3 3 3 3 3 3 3 3 3 3 3 3 </vcount>
          <p>0 1 2 0 2 3 4 5 6 6 7 8 4 6 8 8 9 10 4 8 10 4 10 11 3 4 11 0 3 11 12 13 14 14 15 16 12 14 16 17 18 19 17 19 20 17 20 21 16 17 21 12 16 21 12 21 22 23 12 22 24 25 11 11 10 24 23 22 26 26 27 23 28 29 25 25 24 28 30 31 32 30 32 33 29 30 33 25 29 33 34 35 36 36 37 38 34 36 38 39 34 38 40 41 42 42 43 44 40 42 44 45 40 44 27 26 29 29 28 27 46 47 48 49 46 48 48 50 51 48 51 52 49 48 52 53 49 52 54 55 56 11 54 56 57 11 56 58 57 56 59 58 56 26 22 60 61 62 37 36 63 64 37 36 64 61 37 64 65 61 64 66 65 64 67 66 64 68 69 70 71 72 73 70 71 73 68 70 73 74 68 73 75 74 73 76 75 73 25 33 77 77 11 25 77 78 79 11 77 79 79 80 81 79 81 54 11 79 54 11 57 82 11 82 83 83 84 85 83 85 0 11 83 0 86 87 88 88 89 90 88 90 41 40 91 68 41 40 68 88 41 68 86 88 68 74 92 93 93 94 95 93 95 96 93 96 68 74 93 68 96 97 98 99 100 101 98 86 68 96 98 68 68 91 102 102 103 104 104 105 106 102 104 106 68 102 106 68 106 69 107 108 109 109 110 111 109 111 112 109 112 61 107 109 61 49 113 61 46 49 61 112 46 61 61 65 114 114 115 116 114 116 107 61 114 107 113 117 118 118 119 120 120 121 62 118 120 62 113 118 62 61 113 62 82 122 123 123 124 125 123 125 39 123 39 38 123 38 83 82 123 83 126 60 127 128 127 60 129 30 29 29 26 129 26 130 129 26 131 130 21 132 133 21 133 134 22 21 134 60 22 134 60 134 135 60 135 45 128 60 45 44 136 137 45 44 137 128 45 137 126 131 26 26 60 126 138 139 140 140 141 142 142 143 144 140 142 144 138 140 144 145 138 144 145 144 146 147 145 146 147 146 148 147 148 149 150 151 152 153 150 152 154 153 152 154 152 155 155 156 157 157 158 159 155 157 159 154 155 159 160 154 159 161 160 159 162 138 145 145 163 162 161 164 165 165 160 161 166 162 163 163 167 166 168 169 170 163 168 170 170 171 167 163 170 167 172 173 174 174 175 176 172 174 176 177 172 176 178 179 180 181 178 180 182 181 180 183 182 180 184 185 186 186 187 188 186 188 189 184 186 189 164 166 167 167 165 164 174 190 191 175 174 191 191 192 193 191 193 194 191 194 195 175 191 195 196 197 198 198 199 200 198 200 201 198 201 145 196 198 145 165 202 160 203 204 205 206 207 208 206 208 179 178 209 210 179 178 210 206 179 210 211 212 213 214 215 216 216 217 218 216 218 177 176 219 220 177 176 220 216 177 220 214 216 220 145 221 168 168 163 145 201 222 223 145 201 223 223 224 225 223 225 221 145 223 221 226 227 228 147 226 228 145 147 228 228 229 196 145 228 196 220 230 189 188 231 232 189 188 232 220 189 232 233 220 232 234 233 232 235 234 232 236 237 238 220 236 238 214 220 238 239 214 238 240 239 238 220 233 241 236 220 241 242 236 241 243 242 241 220 219 244 244 245 246 246 247 248 244 246 248 220 244 248 220 248 230 249 250 251 210 249 251 252 210 251 253 252 251 254 253 251 210 255 195 249 210 195 194 249 195 252 256 257 210 252 257 258 259 260 210 257 261 209 262 263 263 264 265 209 263 265 265 266 255 209 265 255 210 209 255 229 228 181 182 267 268 181 182 268 229 181 268 269 229 268 270 269 268 271 272 202 273 202 272 274 165 167 167 171 274 165 274 275 165 275 276 202 277 278 279 280 154 278 279 154 278 154 160 202 278 160 273 281 282 273 282 185 273 185 184 184 277 202 273 184 202 271 202 165 165 276 271 53 52 283 70 53 283 71 70 283 284 71 283 285 286 287 288 285 287 288 287 289 288 289 290 291 288 290 292 291 290 293 294 295 296 293 295 296 295 297 296 297 298 299 296 298 300 299 298 301 302 303 304 301 303 304 303 305 304 305 306 307 304 306 308 307 306 309 310 311 312 309 311 312 311 313 312 313 314 315 312 314 316 315 314 317 318 319 320 317 319 320 319 321 320 321 322 323 320 322 324 323 322 325 326 327 328 325 327 328 327 329 328 329 330 331 328 330 332 331 330 333 334 335 336 333 335 335 337 338 336 335 338 33 32 339 339 340 78 33 339 78 33 78 77 341 342 343 343 344 345 341 343 345 341 345 346 347 348 349 350 347 349 349 351 352 350 349 352 353 354 355 355 356 357 353 355 357 353 357 358 359 360 361 362 359 361 361 363 364 362 361 364 365 366 367 368 365 367 367 369 370 368 367 370 87 86 371 372 87 371 373 374 92 373 92 74 75 373 74 96 95 375 97 96 375 376 97 375 65 66 377 378 379 380 107 116 381 381 382 108 107 381 108 112 111 383 46 112 383 383 384 47 46 383 47 57 58 385 82 57 385 385 386 122 82 385 122 387 388 55 387 55 54 81 387 54 169 168 221 221 225 389 169 221 389 390 169 389 391 392 393 393 394 395 391 393 395 396 391 395 397 398 399 399 400 401 397 399 401 402 397 401 403 404 405 403 405 406 403 406 407 408 403 407 409 410 411 409 411 412 409 412 413 414 409 413 415 416 417 417 418 419 415 417 419 420 415 419 421 422 423 423 424 425 421 423 425 426 421 425 250 249 194 194 193 427 250 194 427 428 250 427 197 196 229 229 269 429 197 229 429 430 197 429 201 200 431 222 201 431 432 222 431 204 203 433 434 204 433 214 239 435 215 214 435 436 215 435 233 234 437 438 439 440 236 242 441 237 236 441 442 237 441 252 253 443 256 252 443 444 256 443 88 87 372 373 75 76 98 97 376 387 81 80 170 169 390 445 391 396 446 397 402 447 403 408 448 409 414 449 415 420 450 421 426 251 250 428 198 197 430 223 222 432 205 204 434 216 215 436 451 439 438 238 237 442 257 256 444 335 334 452 338 337 453 32 31 339 79 78 340 342 454 343 455 345 344 349 348 456 352 351 457 354 458 355 356 459 357 460 361 360 364 363 461 367 366 462 370 369 463 464 101 100 374 93 92 375 95 94 66 67 377 380 379 465 116 115 381 108 382 109 383 111 110 47 384 48 385 58 59 122 386 123 388 56 55 389 225 224 395 394 466 401 400 467 407 406 468 413 412 469 419 418 470 425 424 471 192 427 193 270 429 269 199 431 200 472 260 259 435 239 240 437 234 235 441 242 243 254 443 253 </p>
        </polylist>
      </mesh>
    </geometry>
    <geometry id="meshId1" name="meshId1_name" >
      <mesh>
        <source id="meshId1-positions" name="meshId1-positions">
          <float_array id="meshId1-positions-array" count="180"> -0.807744 -0.005675 0.180682 -0.807744 -0.005675 -0.0457578 -0.806667 -0.005675 -0.0554511 -0.803436 -0.005675 -0.0629903 -0.798051 -0.005675 -0.0683755 -0.790512 -0.005675 -0.0716066 -0.780819 -0.005675 -0.0726836 -0.53456 -0.005675 -0.0726836 -0.529659 -0.005675 -0.0723266 -0.525054 -0.005675 -0.0712556 -0.520745 -0.005675 -0.0694706 -0.516731 -0.005675 -0.0669716 -0.513013 -0.005675 -0.0637585 -0.457933 -0.005675 -0.00867902 -0.45472 -0.005675 -0.00496109 -0.452221 -0.005675 -0.000947415 -0.450436 -0.005675 0.00336202 -0.449365 -0.005675 0.00796721 -0.449008 -0.005675 0.0128681 -0.450862 -0.005675 0.180682 -0.451939 -0.005675 0.190375 -0.455171 -0.005675 0.197914 -0.460556 -0.005675 0.203299 -0.468095 -0.005675 0.20653 -0.477788 -0.005675 0.207607 -0.806667 -0.005675 0.190375 -0.803436 -0.005675 0.197914 -0.798051 -0.005675 0.203299 -0.790512 -0.005675 0.20653 -0.780819 -0.005675 0.207607 -0.780819 0.00670178 0.207607 -0.477788 0.00670178 0.207607 -0.468095 0.00670178 0.20653 -0.460556 0.00670178 0.203299 -0.455171 0.00670178 0.197914 -0.451939 0.00670178 0.190375 -0.450862 0.00670178 0.180682 -0.449008 0.00670178 0.0128681 -0.449365 0.00670178 0.00796721 -0.450436 0.00670178 0.00336202 -0.452221 0.00670178 -0.000947415 -0.45472 0.00670178 -0.00496109 -0.457933 0.00670178 -0.00867902 -0.513013 0.00670178 -0.0637585 -0.516731 0.00670178 -0.0669716 -0.520745 0.00670178 -0.0694706 -0.525054 0.00670178 -0.0712556 -0.529659 0.00670178 -0.0723266 -0.53456 0.00670178 -0.0726836 -0.780819 0.00670178 -0.0726836 -0.790512 0.00670178 -0.0716066 -0.798051 0.00670178 -0.0683755 -0.803436 0.00670178 -0.0629903 -0.806667 0.00670178 -0.0554511 -0.807744 0.00670178 -0.0457578 -0.790512 0.00670178 0.20653 -0.798051 0.00670178 0.203299 -0.803436 0.00670178 0.197914 -0.806667 0.00670178 0.190375 -0.807744 0.00670178 0.180682 </float_array>
          <technique_common>
            <accessor count="60" offset="0" source="#meshId1-positions-array" stride="3">
              <param name="X" type="float" />
              <param name="Y" type="float" />
              <param name="Z" type="float" />
            </accessor>
          </technique_common>
        </source>
        <source id="meshId1-normals" name="meshId1-normals">
          <float_array id="meshId1-normals-array" count="180"> 0 -1 -6.12323e-17 0 -1 -6.12323e-17 0 -1 -6.12323e-17 0 -1 -6.12323e-17 0 -1 -6.12323e-17 0 -1 -6.12323e-17 0 -1 -6.12323e-17 0 -1 -6.12323e-17 0 -1 -6.12323e-17 0 -1 -6.12323e-17 0 -1 -6.12323e-17 0 -1 -6.12323e-17 0 -1 -6.12323e-17 0 -1 -6.12323e-17 0 -1 -6.12323e-17 0 -1 -6.12323e-17 0 -1 -6.12323e-17 0 -1 -6.12323e-17 0 -1 -6.12323e-17 0 -1 -6.12323e-17 0 -1 -6.12323e-17 0 -1 -6.12323e-17 0 -1 -6.12323e-17 0 -1 -6.12323e-17 0 -1 -6.12323e-17 0 -1 -6.12323e-17 0 -1 -6.12323e-17 0 -1 -6.12323e-17 0 -1 -6.12323e-17 0 -1 -6.12323e-17 0 1 6.12323e-17 0 1 6.12323e-17 0 1 6.12323e-17 0 1 6.12323e-17 0 1 6.12323e-17 0 1 6.12323e-17 0 1 6.12323e-17 0 1 6.12323e-17 0 1 6.12323e-17 0 1 6.12323e-17 0 1 6.12323e-17 0 1 6.12323e-17 0 1 6.12323e-17 0 1 6.12323e-17 0 1 6.12323e-17 0 1 6.12323e-17 0 1 6.12323e-17 0 1 6.12323e-17 0 1 6.12323e-17 0 1 6.12323e-17 0 1 6.12323e-17 0 1 6.12323e-17 0 1 6.12323e-17 0 1 6.12323e-17 0 1 6.12323e-17 0 1 6.12323e-17 0 1 6.12323e-17 0 1 6.12323e-17 0 1 6.12323e-17 0 1 6.12323e-17 </float_array>
          <technique_common>
            <accessor count="60" offset="0" source="#meshId1-normals-array" stride="3">
              <param name="X" type="float" />
              <param name="Y" type="float" />
              <param name="Z" type="float" />
            </accessor>
          </technique_common>
        </source>
        <source id="meshId1-tangents" name="meshId1-tangents">
          <float_array id="meshId1-tangents-array" count="180"> -1 8.59931e-21 -0.000140437 -1 -1.22667e-21 2.0033e-05 -1 1.09895e-21 -1.79473e-05 -1 3.35947e-21 -5.48643e-05 -1 8.21567e-21 -0.000134172 -1 1.11579e-20 -0.000182223 -1 1.00813e-20 -0.00016464 -1 8.52193e-21 -0.000139174 -1 8.61755e-21 -0.000140735 -1 8.52298e-21 -0.000139191 -1 8.51699e-21 -0.000139093 -1 8.5085e-21 -0.000138954 -1 8.5086e-21 -0.000138956 -1 -2.75858e-20 0.00045051 -1 7.34459e-21 -0.000119946 -1 1.08949e-20 -0.000177928 -1 3.23578e-21 -5.28443e-05 -1 1.07007e-20 -0.000174755 -1 9.31004e-21 -0.000152044 -1 1.56228e-20 -0.00025514 -1 -4.99146e-21 8.15167e-05 -1 8.10266e-21 -0.000132327 -1 6.55592e-21 -0.000107066 -1 7.9075e-21 -0.000129139 -1 9.03819e-21 -0.000147605 -1 8.6883e-21 -0.000141891 -1 8.75393e-21 -0.000142963 -1 8.76649e-21 -0.000143168 -1 8.65762e-21 -0.00014139 -1 8.79627e-21 -0.000143654 -1 7.99298e-21 -0.000130535 -1 8.76645e-21 -0.000143167 -1 8.88289e-21 -0.000145069 -1 8.80055e-21 -0.000143724 -1 8.70967e-21 -0.00014224 -1 8.69636e-21 -0.000142022 -1 8.78668e-21 -0.000143497 -1 4.11891e-20 -0.000672669 -1 1.88109e-21 -3.07205e-05 -1 2.8666e-20 -0.000468151 -1 -6.15261e-21 0.00010048 -1 5.28241e-21 -8.62682e-05 -1 9.20067e-21 -0.000150258 -1 -3.09489e-20 0.000505433 -1 2.21654e-20 -0.000361989 -1 4.91341e-21 -8.02421e-05 -1 9.0147e-21 -0.000147221 -1 1.35456e-20 -0.000221216 -1 9.89956e-21 -0.000161672 -1 8.49187e-21 -0.000138683 -1 8.57095e-21 -0.000139974 -1 8.50939e-21 -0.000138969 -1 8.66536e-21 -0.000141516 -1 8.70321e-21 -0.000142134 -1 8.57647e-21 -0.000140064 -1 9.27129e-21 -0.000151412 -1 1.13006e-20 -0.000184553 -1 8.12179e-21 -0.000132639 -1 9.10043e-21 -0.000148621 -1 9.35334e-21 -0.000152752 </float_array>
          <technique_common>
            <accessor count="60" offset="0" source="#meshId1-tangents-array" stride="3">
              <param name="X" type="float" />
              <param name="Y" type="float" />
              <param name="Z" type="float" />
            </accessor>
          </technique_common>
        </source>
        <source id="meshId1-bitangents" name="meshId1-bitangents">
          <float_array id="meshId1-bitangents-array" count="180"> 0.000140437 6.12323e-17 -1 -2.0033e-05 6.12323e-17 -1 1.79473e-05 6.12323e-17 -1 5.48643e-05 6.12323e-17 -1 0.000134172 6.12323e-17 -1 0.000182223 6.12323e-17 -1 0.00016464 6.12323e-17 -1 0.000139174 6.12323e-17 -1 0.000140735 6.12323e-17 -1 0.000139191 6.12323e-17 -1 0.000139093 6.12323e-17 -1 0.000138954 6.12323e-17 -1 0.000138956 6.12323e-17 -1 -0.00045051 6.12323e-17 -1 0.000119946 6.12323e-17 -1 0.000177928 6.12323e-17 -1 5.28443e-05 6.12323e-17 -1 0.000174755 6.12323e-17 -1 0.000152044 6.12323e-17 -1 0.00025514 6.12323e-17 -1 -8.15167e-05 6.12323e-17 -1 0.000132327 6.12323e-17 -1 0.000107066 6.12323e-17 -1 0.000129139 6.12323e-17 -1 0.000147605 6.12323e-17 -1 0.000141891 6.12323e-17 -1 0.000142963 6.12323e-17 -1 0.000143168 6.12323e-17 -1 0.00014139 6.12323e-17 -1 0.000143654 6.12323e-17 -1 -0.000130535 -6.12323e-17 1 -0.000143167 -6.12323e-17 1 -0.000145069 -6.12323e-17 1 -0.000143724 -6.12323e-17 1 -0.00014224 -6.12323e-17 1 -0.000142022 -6.12323e-17 1 -0.000143497 -6.12323e-17 1 -0.000672669 -6.12323e-17 1 -3.07205e-05 -6.12323e-17 1 -0.000468151 -6.12323e-17 1 0.00010048 -6.12323e-17 1 -8.62682e-05 -6.12323e-17 1 -0.000150258 -6.12323e-17 1 0.000505433 -6.12323e-17 1 -0.000361989 -6.12323e-17 1 -8.02421e-05 -6.12323e-17 1 -0.000147221 -6.12323e-17 1 -0.000221216 -6.12323e-17 1 -0.000161672 -6.12323e-17 1 -0.000138683 -6.12323e-17 1 -0.000139974 -6.12323e-17 1 -0.000138969 -6.12323e-17 1 -0.000141516 -6.12323e-17 1 -0.000142134 -6.12323e-17 1 -0.000140064 -6.12323e-17 1 -0.000151412 -6.12323e-17 1 -0.000184553 -6.12323e-17 1 -0.000132639 -6.12323e-17 1 -0.000148621 -6.12323e-17 1 -0.000152752 -6.12323e-17 1 </float_array>
          <technique_common>
            <accessor count="60" offset="0" source="#meshId1-bitangents-array" stride="3">
              <param name="X" type="float" />
              <param name="Y" type="float" />
              <param name="Z" type="float" />
            </accessor>
          </technique_common>
        </source>
        <source id="meshId1-tex0" name="meshId1-tex0">
          <float_array id="meshId1-tex0-array" count="120"> 0.906982 0.420158 0.906994 0.506485 0.906585 0.51018 0.905353 0.513054 0.9033 0.515107 0.900426 0.51634 0.896731 0.516751 0.802848 0.516764 0.80098 0.516628 0.799224 0.51622 0.797581 0.51554 0.796051 0.514587 0.794633 0.513363 0.773632 0.492367 0.772407 0.49095 0.771454 0.48942 0.770773 0.487777 0.770365 0.486022 0.770228 0.484153 0.770926 0.420177 0.771336 0.416481 0.772567 0.413607 0.77462 0.411554 0.777494 0.410322 0.78119 0.40991 0.906571 0.416462 0.905339 0.413588 0.903286 0.411535 0.900411 0.410304 0.896716 0.409894 0.896488 0.406876 0.780962 0.40686 0.777267 0.406448 0.774393 0.405216 0.77234 0.403163 0.771109 0.400289 0.770699 0.396593 0.770001 0.332617 0.770137 0.330748 0.770546 0.328993 0.771227 0.32735 0.77218 0.32582 0.773405 0.324403 0.794406 0.303408 0.795823 0.302183 0.797354 0.30123 0.798997 0.30055 0.800753 0.300142 0.802621 0.300006 0.896504 0.300019 0.900199 0.300431 0.903073 0.301663 0.905125 0.303716 0.906357 0.30659 0.906767 0.310286 0.900183 0.406466 0.903058 0.405235 0.905111 0.403182 0.906343 0.400308 0.906755 0.396613 </float_array>
          <technique_common>
            <accessor count="60" offset="0" source="#meshId1-tex0-array" stride="2">
              <param name="S" type="float" />
              <param name="T" type="float" />
            </accessor>
          </technique_common>
        </source>
        <vertices id="meshId1-vertices">
          <input semantic="POSITION" source="#meshId1-positions" />
          <input semantic="NORMAL" source="#meshId1-normals" />
          <input semantic="TANGENT" source="#meshId1-tangents" />
          <input semantic="BINORMAL" source="#meshId1-bitangents" />
          <input semantic="TEXCOORD" source="#meshId1-tex0"  />
        </vertices>
        <polylist count="56" material="defaultMaterial">
          <input offset="0" semantic="VERTEX" source="#meshId1-vertices" />
          <vcount>3 3 3 3 3 3 3 3 3 3 3 3 3 3 3 3 3 3 3 3 3 3 3 3 3 3 3 3 3 3 3 3 3 3 3 3 3 3 3 3 3 3 3 3 3 3 3 3 3 3 3 3 3 3 3 3 </vcount>
          <p>0 1 2 0 2 3 0 3 4 0 4 5 0 5 6 6 7 8 6 8 9 6 9 10 6 10 11 6 11 12 12 13 14 12 14 15 12 15 16 12 16 17 12 17 18 6 12 18 0 6 18 18 19 20 18 20 21 18 21 22 18 22 23 18 23 24 0 18 24 25 0 24 26 25 24 27 26 24 28 27 24 29 28 24 30 31 32 30 32 33 30 33 34 30 34 35 30 35 36 36 37 38 36 38 39 36 39 40 36 40 41 36 41 42 42 43 44 42 44 45 42 45 46 42 46 47 42 47 48 36 42 48 30 36 48 48 49 50 48 50 51 48 51 52 48 52 53 48 53 54 30 48 54 55 30 54 56 55 54 57 56 54 58 57 54 59 58 54 </p>
        </polylist>
      </mesh>
    </geometry>
    <geometry id="meshId2" name="meshId2_name" >
      <mesh>
        <source id="meshId2-positions" name="meshId2-positions">
          <float_array id="meshId2-positions-array" count="612"> -0.529721 0.00670178 -0.0883208 -0.529659 0.00241103 -0.0723266 -0.525054 0.00241103 -0.0712556 -0.516391 0.00670178 -0.0836322 -0.449008 0.00241103 0.0128681 -0.450862 0.00241103 0.180682 -0.432719 0.00670178 0.180688 -0.432535 0.00670178 0.00955809 -0.43329 0.00670178 0.00473731 -0.449365 0.00241103 0.0079672 -0.449008 0.00241103 0.0128681 -0.449008 -0.00220924 0.0128681 -0.450862 -0.00220924 0.180682 -0.450862 0.00241103 0.180682 -0.449365 0.00241103 0.0079672 -0.449365 -0.00220924 0.0079672 -0.766008 0.00241103 -0.0726626 -0.766008 -0.00220924 -0.0726626 -0.529659 -0.00220924 -0.0723266 -0.529659 0.00241103 -0.0723266 -0.766045 0.00670178 -0.0880136 -0.766008 0.00241103 -0.0726626 -0.767603 0.00241103 0.207607 -0.767603 0.00670178 0.222926 -0.541906 0.00670178 0.222744 -0.541906 0.00241103 0.207607 -0.807744 0.00241103 -0.0421612 -0.823669 0.00670178 -0.0421612 -0.823655 0.00670178 0.175078 -0.807744 0.00241103 0.175078 -0.851425 0.00670178 0.175078 -0.851425 0.00670178 0.216048 -0.82384 0.00670178 0.193713 -0.823655 0.00670178 0.175078 -0.850348 0.00670178 0.225741 -0.82057 0.00670178 0.201631 -0.847117 0.00670178 0.233281 -0.816465 0.00670178 0.208463 -0.841732 0.00670178 0.238666 -0.811919 0.00670178 0.214528 -0.834193 0.00670178 0.241897 -0.806447 0.00670178 0.219433 -0.824499 0.00670178 0.242974 -0.799618 0.00670178 0.222829 -0.767603 0.00670178 0.242974 -0.767603 0.00670178 0.222926 -0.541906 0.00670178 0.242974 -0.291103 0.00670178 0.242974 -0.472435 0.00670178 0.222737 -0.541906 0.00670178 0.222744 -0.28141 0.00670178 0.241897 -0.445921 0.00670178 0.212038 -0.455842 0.00670178 0.217908 -0.27387 0.00670178 0.238666 -0.441139 0.00670178 0.206978 -0.268485 0.00670178 0.233281 -0.437979 0.00670178 0.201171 -0.265254 0.00670178 0.225741 -0.434999 0.00670178 0.193584 -0.264177 0.00670178 0.216048 -0.433676 0.00670178 0.187069 -0.264177 0.00670178 0.18075 -0.432719 0.00670178 0.180688 -0.264177 0.00670178 -0.02427 -0.264534 0.00670178 -0.0291709 -0.43329 0.00670178 0.00473731 -0.432535 0.00670178 0.00955809 -0.265605 0.00670178 -0.0337761 -0.434443 0.00670178 0.000148563 -0.26739 0.00670178 -0.0380855 -0.436094 0.00670178 -0.00418779 -0.437905 0.00670178 -0.00793448 -0.269889 0.00670178 -0.0420992 -0.440788 0.00670178 -0.0117262 -0.328182 0.00670178 -0.100897 -0.486365 0.00670178 -0.0614134 -0.331899 0.00670178 -0.10411 -0.492108 0.00670178 -0.0667741 -0.335913 0.00670178 -0.106609 -0.498883 0.00670178 -0.0723166 -0.340223 0.00670178 -0.108394 -0.506362 0.00670178 -0.0782572 -0.344828 0.00670178 -0.109465 -0.516391 0.00670178 -0.0836322 -0.349729 0.00670178 -0.109822 -0.529721 0.00670178 -0.0883208 -0.766097 0.00670178 -0.109822 -0.824499 0.00670178 -0.109822 -0.797952 0.00670178 -0.0872506 -0.766045 0.00670178 -0.0880136 -0.834193 0.00670178 -0.108745 -0.806628 0.00670178 -0.0853089 -0.841732 0.00670178 -0.105514 -0.812861 0.00670178 -0.0809669 -0.847117 0.00670178 -0.100128 -0.818087 0.00670178 -0.0754463 -0.850348 0.00670178 -0.0925892 -0.821565 0.00670178 -0.0681176 -0.851425 0.00670178 -0.0828959 -0.823066 0.00670178 -0.0587846 -0.851425 0.00670178 -0.0421612 -0.823669 0.00670178 -0.0421612 -0.529721 -0.00649999 -0.0883208 -0.516391 -0.00649999 -0.0836322 -0.525054 -0.00220924 -0.0712556 -0.529659 -0.00220924 -0.0723266 -0.449008 -0.00220924 0.0128681 -0.432535 -0.00649999 0.00955809 -0.432719 -0.0065 0.180688 -0.450862 -0.00220924 0.180682 -0.449365 -0.00220924 0.0079672 -0.43329 -0.00649999 0.00473731 -0.525054 0.00241103 -0.0712556 -0.525054 -0.00220924 -0.0712556 -0.766008 -0.00220924 -0.0726626 -0.766045 -0.0065 -0.0880136 -0.767603 -0.00220924 0.207607 -0.541906 -0.00220924 0.207607 -0.541906 -0.0065 0.222744 -0.767603 -0.0065 0.222926 -0.807744 -0.00220924 -0.0421612 -0.807744 -0.00220924 0.175078 -0.823655 -0.0065 0.175078 -0.823669 -0.0065 -0.0421612 -0.851425 -0.0065 0.175078 -0.823655 -0.0065 0.175078 -0.82384 -0.0065 0.193713 -0.851425 -0.0065 0.216048 -0.82057 -0.0065 0.201631 -0.850348 -0.0065 0.225741 -0.816465 -0.0065 0.208463 -0.847117 -0.0065 0.233281 -0.811919 -0.0065 0.214528 -0.841732 -0.0065 0.238666 -0.806447 -0.0065 0.219433 -0.834193 -0.0065 0.241897 -0.799618 -0.0065 0.222829 -0.824499 -0.0065 0.242974 -0.767603 -0.0065 0.222926 -0.767603 -0.00649999 0.242974 -0.541906 -0.0065 0.242974 -0.541906 -0.0065 0.222744 -0.472435 -0.0065 0.222737 -0.291103 -0.0065 0.242974 -0.455842 -0.0065 0.217908 -0.445921 -0.0065 0.212038 -0.28141 -0.0065 0.241897 -0.441139 -0.0065 0.206978 -0.27387 -0.0065 0.238666 -0.437979 -0.0065 0.201171 -0.268485 -0.0065 0.233281 -0.434999 -0.0065 0.193584 -0.265254 -0.0065 0.225741 -0.433676 -0.0065 0.187069 -0.264177 -0.0065 0.216048 -0.264177 -0.0065 0.18075 -0.432719 -0.0065 0.180688 -0.264177 -0.0065 -0.02427 -0.432535 -0.00649999 0.00955809 -0.43329 -0.00649999 0.00473731 -0.264534 -0.0065 -0.0291709 -0.434443 -0.00649999 0.000148563 -0.265605 -0.0065 -0.0337761 -0.436094 -0.00649999 -0.00418779 -0.26739 -0.0065 -0.0380855 -0.437905 -0.00649999 -0.00793448 -0.440788 -0.00649999 -0.0117262 -0.269889 -0.0065 -0.0420992 -0.486365 -0.00649999 -0.0614134 -0.328182 -0.0065 -0.100897 -0.331899 -0.0065 -0.10411 -0.492108 -0.00649999 -0.0667741 -0.498883 -0.00649999 -0.0723166 -0.335913 -0.0065 -0.106609 -0.506362 -0.00649999 -0.0782572 -0.340223 -0.0065 -0.108394 -0.516391 -0.00649999 -0.0836322 -0.344828 -0.0065 -0.109465 -0.529721 -0.00649999 -0.0883208 -0.349729 -0.0065 -0.109822 -0.766097 -0.0065 -0.109822 -0.766045 -0.0065 -0.0880136 -0.797952 -0.00649999 -0.0872506 -0.824499 -0.0065 -0.109822 -0.806628 -0.0065 -0.0853089 -0.834193 -0.0065 -0.108745 -0.812861 -0.00649999 -0.0809669 -0.841732 -0.0065 -0.105514 -0.818087 -0.00649999 -0.0754463 -0.847117 -0.0065 -0.100128 -0.821565 -0.0065 -0.0681176 -0.850348 -0.0065 -0.0925892 -0.823066 -0.00649999 -0.0587846 -0.851425 -0.0065 -0.0828959 -0.823669 -0.0065 -0.0421612 -0.851425 -0.0065 -0.0421612 -0.807744 0.00241103 0.175078 -0.807744 -0.00220924 0.175078 -0.807744 -0.00220924 -0.0421612 -0.807744 0.00241103 -0.0421612 -0.541906 0.00241103 0.207607 -0.541906 -0.00220924 0.207607 -0.767603 -0.00220924 0.207607 -0.767603 0.00241103 0.207607 </float_array>
          <technique_common>
            <accessor count="204" offset="0" source="#meshId2-positions-array" stride="3">
              <param name="X" type="float" />
              <param name="Y" type="float" />
              <param name="Z" type="float" />
            </accessor>
          </technique_common>
        </source>
        <source id="meshId2-normals" name="meshId2-normals">
          <float_array id="meshId2-normals-array" count="612"> -0.0381725 0.9643 0.262048 -0.0320274 0.965267 0.259293 -0.0749289 0.96205 0.262385 -0.0938497 0.959162 0.266833 -0.251574 0.967789 0.00977337 -0.230143 0.973153 -0.00254291 -0.231559 0.972818 -0.00239688 -0.248129 0.968509 0.0205625 -0.246377 0.968548 0.0348444 -0.254375 0.966928 0.0185297 -0.999525 -1.88771e-18 0.0308286 -0.999525 -1.88771e-18 0.0308286 -0.999939 6.76531e-19 -0.0110486 -0.999939 6.76531e-19 -0.0110486 -0.997357 -4.44864e-18 0.0726518 -0.997357 -4.44864e-18 0.0726518 -0.00142137 -6.12323e-17 0.999999 -0.00142137 -6.12323e-17 0.999999 -0.114709 -6.08282e-17 0.993399 -0.114709 -6.08282e-17 0.993399 -0.000350562 0.963212 0.268743 -0.000382616 0.963087 0.269192 -0.000207824 0.962899 -0.269861 -0.000217459 0.962937 -0.269728 -9.73725e-06 0.962129 -0.272596 0 0.962091 -0.27273 0.260179 0.96556 -1.58491e-05 0.260169 0.965563 -1.66517e-05 0.260371 0.965509 -8.03212e-07 0.260381 0.965506 5.91202e-17 0 1 5.26345e-09 0 1 6.12323e-17 0 1 6.12323e-17 3.34337e-09 1 4.85263e-09 0 1 6.12323e-17 0 1 6.12323e-17 0 1 6.12323e-17 0 1 6.12323e-17 0 1 6.12323e-17 0 1 6.12323e-17 0 1 6.12323e-17 0 1 6.12323e-17 0 1 6.12323e-17 0 1 6.12323e-17 0 1 6.12323e-17 0 1 6.12323e-17 0 1 6.12323e-17 0 1 6.12323e-17 0 1 6.12323e-17 0 1 6.12323e-17 0 1 6.12323e-17 0 1 6.12323e-17 0 1 6.12323e-17 0 1 6.12323e-17 0 1 6.12323e-17 0 1 6.12323e-17 0 1 6.12323e-17 0 1 6.12323e-17 0 1 6.12323e-17 -5.12175e-09 1 2.99569e-08 -6.60028e-09 1 3.30918e-09 -1.29089e-08 1 2.54637e-08 -1.35657e-08 1 -7.44939e-09 -6.34348e-09 1 -7.10577e-10 0 1 6.12323e-17 -1.44152e-08 1 -5.40407e-09 2.875e-08 1 2.07507e-07 -6.7789e-09 1 -1.95363e-09 -5.72736e-08 1 -2.17605e-07 -1.23348e-08 1 6.11759e-09 -1.24587e-08 1 5.458e-09 5.22064e-08 1 3.23598e-07 -7.18002e-09 1 9.4717e-09 1.05641e-08 1 1.53073e-07 -1.28656e-08 1 7.1173e-10 -2.93019e-08 1 -1.44933e-09 -2.20027e-08 1 2.7888e-08 -2.24723e-08 1 2.64673e-08 -2.03594e-08 1 3.56086e-08 -2.23668e-08 1 2.8038e-08 -1.82361e-08 1 4.76376e-08 -2.12035e-08 1 3.62066e-08 -1.50362e-08 1 7.00499e-08 -1.93071e-08 1 5.11191e-08 -8.47954e-09 1 1.22153e-07 -1.97913e-09 1 1.86247e-07 9.10303e-09 1 6.12016e-09 0 1 6.12323e-17 0 1 6.12323e-17 9.61445e-09 1 -2.3261e-11 0 1 6.12323e-17 0 1 6.12323e-17 0 1 6.12323e-17 0 1 6.12323e-17 0 1 6.12323e-17 0 1 6.12323e-17 0 1 6.12323e-17 0 1 6.12323e-17 1.36405e-08 1 -1.60436e-08 4.33988e-08 1 -2.03146e-08 6.75749e-08 1 -1.7668e-08 8.23893e-08 1 1.50722e-09 -0.0381725 -0.9643 0.262048 -0.0938497 -0.959162 0.266833 -0.0749289 -0.96205 0.262385 -0.0320274 -0.965267 0.259293 -0.251574 -0.967789 0.00977335 -0.248129 -0.968509 0.0205624 -0.231559 -0.972818 -0.00239688 -0.230143 -0.973154 -0.00254292 -0.254374 -0.966928 0.0185297 -0.246377 -0.968548 0.0348441 -0.226519 -5.96407e-17 0.974007 -0.226519 -5.96407e-17 0.974007 -0.000382621 -0.963087 0.269192 -0.000350566 -0.963212 0.268743 -0.000207824 -0.962899 -0.269861 0 -0.962091 -0.27273 -9.73725e-06 -0.962129 -0.272596 -0.000217459 -0.962937 -0.269728 0.260179 -0.96556 -1.58491e-05 0.260381 -0.965506 -5.91202e-17 0.260371 -0.965509 -8.03211e-07 0.260169 -0.965563 -1.66517e-05 0 -1 1.64483e-09 1.0448e-09 -1 1.51645e-09 0 -1 -6.12323e-17 0 -1 -6.12323e-17 0 -1 -6.12323e-17 0 -1 -6.12323e-17 0 -1 -6.12323e-17 0 -1 -6.12323e-17 0 -1 -6.12323e-17 0 -1 -6.12323e-17 0 -1 -6.12323e-17 0 -1 -6.12323e-17 7.27098e-09 -1 1.50873e-08 3.10247e-09 -1 3.83185e-09 -4.35788e-11 -1 3.92106e-08 2.34767e-09 -1 3.41357e-08 -1.74151e-09 -1 -6.12323e-17 -1.64187e-09 -1 1.10596e-09 0 -1 -6.12323e-17 0 -1 -6.12323e-17 0 -1 -6.12323e-17 0 -1 -6.12323e-17 0 -1 -6.12323e-17 0 -1 -6.12323e-17 0 -1 -6.12323e-17 0 -1 -6.12323e-17 0 -1 -6.12323e-17 0 -1 -6.12323e-17 0 -1 -6.12323e-17 -2.06259e-09 -1 1.03412e-09 -1.60055e-09 -1 9.36153e-09 -6.343e-09 -1 5.63727e-09 -4.23766e-09 -1 -6.7131e-09 -1.09796e-08 -1 2.71185e-10 3.31981e-09 -1 6.99944e-08 -1.35081e-08 -1 -1.24144e-10 -8.62603e-09 -1 1.32852e-09 -2.80434e-08 -1 -7.21302e-08 -1.06917e-08 -1 1.96354e-09 -1.24587e-08 -1 5.45801e-09 -1.23348e-08 -1 6.11759e-09 1.0064e-08 -1 1.1635e-07 -1.07603e-08 -1 5.08752e-08 -1.02418e-08 -1 9.01637e-09 -4.7404e-08 -1 -6.77783e-08 -1.59116e-08 -1 8.17311e-09 -2.30252e-08 -1 2.74184e-08 -1.53707e-08 -1 6.91253e-08 -1.53003e-08 -1 5.95219e-08 -2.25039e-08 -1 4.11527e-08 -2.08722e-08 -1 3.56409e-08 -1.79512e-08 -1 4.68933e-08 -1.90054e-08 -1 5.03204e-08 -1.48012e-08 -1 6.89554e-08 -1.94821e-09 -1 1.83337e-07 -8.34704e-09 -1 1.20244e-07 1.45805e-09 -1 1.28768e-08 -2.93302e-09 -1 7.09605e-12 1.7208e-08 -1 3.27201e-09 6.07066e-09 -1 3.67073e-09 -5.52527e-09 -1 2.60403e-08 1.31924e-09 -1 3.75444e-08 -4.98059e-08 -1 9.01684e-08 2.37754e-08 -1 3.29979e-08 7.38504e-08 -1 -5.43486e-08 3.25204e-08 -1 2.25533e-08 2.63254e-08 -1 -1.31555e-08 3.14321e-08 -1 -1.64273e-09 1.19159e-08 -1 3.61315e-09 9.06259e-09 -1 1.29397e-09 2.57466e-08 -1 -2.34426e-08 3.02989e-08 -1 -1.3502e-08 1 0 0 1 0 0 1 0 0 1 0 0 0 6.12323e-17 -1 0 6.12323e-17 -1 0 6.12323e-17 -1 0 6.12323e-17 -1 </float_array>
          <technique_common>
            <accessor count="204" offset="0" source="#meshId2-normals-array" stride="3">
              <param name="X" type="float" />
              <param name="Y" type="float" />
              <param name="Z" type="float" />
            </accessor>
          </technique_common>
        </source>
        <source id="meshId2-tangents" name="meshId2-tangents">
          <float_array id="meshId2-tangents-array" count="612"> -0.999219 -0.0395043 -0.000186152 -0.999451 -0.0331266 -0.000130471 -0.996988 -0.0775557 -0.000345923 -0.99526 -0.0972437 -0.000496366 -0.967838 -0.251571 -0.00160483 -0.973155 -0.230147 -0.00133742 -0.972819 -0.231563 -0.00135152 -0.96872 -0.248151 -0.00149737 -0.969148 -0.246476 -0.00149804 -0.967101 -0.254387 -0.00173472 -0.0308286 2.86721e-09 -0.999525 -0.0308286 2.91839e-09 -0.999525 0.0110486 1.02172e-10 -0.999939 0.0110486 -1.70119e-26 -0.999939 -0.0726518 -5.64127e-23 -0.997357 -0.0726518 -5.64127e-23 -0.997357 -0.999999 5.15286e-11 -0.00142137 -0.999999 1.71081e-24 -0.00142137 -0.993399 2.05776e-09 -0.114709 -0.993399 2.08386e-09 -0.114709 -1 -0.000362401 -5.55546e-06 -1 -0.000395721 -5.58074e-06 -1 -0.000218464 -9.39243e-06 -1 -0.000228546 -9.70208e-06 -1 -1.09923e-05 -3.07693e-06 -1 -7.84939e-07 -2.76897e-06 -0.965559 0.260179 0.00163713 -0.965562 0.260169 0.00163664 -0.965508 0.26037 0.00164635 -0.965505 0.260381 0.00164684 -1 1.58223e-13 -3.00608e-05 -1 -5.7473e-21 9.38605e-05 -1 -2.57792e-21 4.21006e-05 -1 3.3435e-09 -2.7008e-05 -1 -2.81611e-21 4.59906e-05 -1 -6.36288e-21 0.000103914 -1 -3.34267e-21 5.459e-05 -1 4.48071e-21 -7.31755e-05 -1 -7.43757e-22 1.21465e-05 -1 7.28966e-21 -0.000119049 -1 4.94765e-21 -8.08012e-05 -1 1.48593e-21 -2.42671e-05 -1 3.47558e-21 -5.67606e-05 -1 -1.23201e-21 2.01203e-05 -1 -1.41819e-21 2.31608e-05 -1 -1.87631e-21 3.06425e-05 -1 5.65165e-22 -9.22985e-06 -1 4.18386e-21 -6.83277e-05 -1 -1.39807e-22 2.28321e-06 -1 6.45026e-22 -1.05341e-05 -1 1.64655e-22 -2.68901e-06 -1 5.67328e-22 -9.26518e-06 -1 -1.5967e-21 2.60761e-05 -1 2.29054e-22 -3.74074e-06 -1 2.38755e-21 -3.89917e-05 -1 -5.11852e-24 8.35918e-08 -1 -1.10823e-22 1.80987e-06 -1 -1.63389e-21 2.66835e-05 -1 -1.18355e-22 1.93288e-06 -1 -5.12261e-09 2.86657e-05 -1 -6.60025e-09 -7.49774e-06 -1 -1.2909e-08 2.29435e-06 -1 -1.35657e-08 -3.68908e-06 -1 -6.34344e-09 4.83046e-05 -1 -9.65311e-22 1.57647e-05 -1 -1.44151e-08 2.3721e-05 -1 2.8743e-08 3.3744e-05 -1 -6.77894e-09 -1.90479e-05 -1 -5.72738e-08 -1.0349e-06 -1 -1.2335e-08 2.06624e-05 -1 -1.24586e-08 -1.08218e-05 -1 5.22037e-08 8.29768e-06 -1 -7.18023e-09 2.29013e-05 -1 1.05634e-08 4.51009e-06 -1 -1.28656e-08 -4.54099e-05 -1 -2.93019e-08 8.60071e-06 -1 -2.20004e-08 -8.13811e-05 -1 -2.2473e-08 2.50557e-05 -1 -2.03621e-08 7.53576e-05 -1 -2.23667e-08 -4.2994e-06 -1 -1.82356e-08 -1.13054e-05 -1 -2.12029e-08 -1.61363e-05 -1 -1.50371e-08 1.37469e-05 -1 -1.93081e-08 1.92274e-05 -1 -8.48938e-09 8.05388e-05 -1 -1.97908e-09 -2.77085e-07 -1 9.1031e-09 -1.05425e-05 -1 -2.09147e-21 3.41563e-05 -1 -2.50582e-21 4.09231e-05 -1 9.61445e-09 -1.85124e-05 -1 3.72174e-22 -6.07807e-06 -1 -7.61165e-21 0.000124308 -1 2.21332e-22 -3.61462e-06 -1 -2.61373e-21 4.26855e-05 -1 -2.77567e-21 4.53301e-05 -1 -1.56873e-21 2.56193e-05 -1 1.84879e-21 -3.0193e-05 -1 5.61459e-21 -9.16932e-05 -1 1.3638e-08 -0.000155727 -1 4.33976e-08 -5.6603e-05 -1 6.75749e-08 -1.38459e-06 -1 8.23893e-08 -2.25069e-18 -0.99922 0.0394795 -0.000277559 -0.995266 0.0971859 -0.000705908 -0.996993 0.0774912 -0.000583678 -0.999452 0.0330906 -0.000264525 -0.967838 0.251569 -0.00180604 -0.968721 0.248146 -0.00173614 -0.972818 0.231563 -0.00164746 -0.973154 0.230148 -0.00163801 -0.967102 0.254384 -0.0018777 -0.969149 0.246468 -0.00172719 -0.974007 -1.95518e-23 -0.226519 -0.974007 -1.77743e-23 -0.226519 -1 0.000397438 5.44244e-07 -1 0.000364165 7.52628e-07 -1 0.000216819 -3.52462e-06 -1 0 0 -1 1.01667e-05 -1.62883e-07 -1 0.000226862 -3.69048e-06 -0.965559 -0.260179 0.00187866 -0.965504 -0.26038 0.00182441 -0.965507 -0.26037 0.00182716 -0.965561 -0.260169 0.00188141 -1 -2.61261e-14 -1.58838e-05 -1 -1.04484e-09 -2.69406e-05 -1 2.20713e-21 -3.60451e-05 -1 -6.36743e-23 1.03988e-06 -1 1.43049e-21 -2.33617e-05 -1 3.50321e-21 -5.72117e-05 -1 -3.22732e-22 5.27062e-06 -1 -9.02564e-22 1.474e-05 -1 3.76794e-22 -6.15352e-06 -1 -3.08172e-21 5.03282e-05 -1 1.47298e-21 -2.40556e-05 -1 1.58317e-21 -2.58552e-05 -1 -7.27134e-09 -2.3929e-05 -1 -3.10255e-09 -2.05486e-05 -1 4.40447e-11 1.18824e-05 -1 -2.34749e-09 5.38588e-06 -1 1.74151e-09 2.44181e-06 -1 1.64188e-09 2.99692e-06 -1 1.67464e-22 -2.7349e-06 -1 -6.50972e-22 1.06312e-05 -1 9.33844e-22 -1.52508e-05 -1 -5.0355e-22 8.22359e-06 -1 -2.70783e-21 4.42222e-05 -1 5.02651e-22 -8.20891e-06 -1 -2.71859e-22 4.43979e-06 -1 -4.42015e-22 7.21865e-06 -1 4.96992e-22 -8.1165e-06 -1 -3.24509e-22 5.29963e-06 -1 6.46535e-22 -1.05587e-05 -1 2.06258e-09 -1.53312e-06 -1 1.60047e-09 -8.50389e-06 -1 6.34298e-09 -2.93031e-06 -1 4.23768e-09 -3.7243e-06 -1 1.09796e-08 8.23592e-06 -1 -3.31862e-09 1.70115e-05 -1 1.35081e-08 -2.64411e-06 -1 8.62603e-09 5.64565e-06 -1 2.80444e-08 -1.45415e-05 -1 1.06917e-08 -4.88605e-06 -1 1.24587e-08 -4.38002e-06 -1 1.23347e-08 -1.63803e-05 -1 -1.00622e-08 1.52218e-05 -1 1.07609e-08 1.21424e-05 -1 1.02417e-08 -1.81664e-05 -1 4.74041e-08 -9.50433e-07 -1 1.59117e-08 1.22697e-05 -1 2.30256e-08 1.61181e-05 -1 1.53718e-08 1.62954e-05 -1 1.53011e-08 1.30752e-05 -1 2.25035e-08 -9.24651e-06 -1 2.08719e-08 -6.14122e-06 -1 1.79515e-08 7.34036e-06 -1 1.90051e-08 -5.93949e-06 -1 1.48038e-08 3.75407e-05 -1 1.94811e-09 -5.44447e-07 -1 8.34668e-09 -3.00148e-06 -1 -1.45825e-09 -1.60973e-05 -1 2.93302e-09 -2.11561e-05 -1 -1.72081e-08 -1.15171e-05 -1 -6.07044e-09 6.07735e-05 -1 5.52616e-09 3.4279e-05 -1 -1.31941e-09 -4.51161e-06 -1 4.98063e-08 4.41115e-06 -1 -2.37749e-08 1.77656e-05 -1 -7.38508e-08 6.34406e-06 -1 -3.25199e-08 2.14756e-05 -1 -2.63253e-08 -1.09077e-05 -1 -3.1432e-08 -3.44281e-05 -1 -1.1916e-08 -7.982e-06 -1 -9.06261e-09 -2.04992e-05 -1 -2.57466e-08 -2.10283e-16 -1 -3.02989e-08 2.46658e-06 0 0 1 0 0 1 0 0 1 0 0 1 1 0 0 1 0 0 1 0 0 1 0 0 </float_array>
          <technique_common>
            <accessor count="204" offset="0" source="#meshId2-tangents-array" stride="3">
              <param name="X" type="float" />
              <param name="Y" type="float" />
              <param name="Z" type="float" />
            </accessor>
          </technique_common>
        </source>
        <source id="meshId2-bitangents" name="meshId2-bitangents">
          <float_array id="meshId2-bitangents-array" count="612"> 0.0101725 -0.261851 0.965055 0.00846357 -0.259155 0.965799 0.0200166 -0.26162 0.964963 0.0254718 -0.265615 0.963743 0.000905563 -0.00986277 0.999951 -0.00188676 0.00216685 0.999996 -0.00186981 0.00201877 0.999996 0.00365238 -0.0202909 0.999788 0.00713737 -0.0341384 0.999392 0.00303636 -0.0183614 0.999827 -8.83919e-11 -1 -2.86584e-09 -8.99701e-11 -1 -2.91701e-09 1.12886e-12 -1 -1.02166e-10 -6.7649e-19 -1 -7.47469e-21 4.43689e-18 -1 -3.23145e-19 4.43689e-18 -1 -3.23145e-19 -5.15286e-11 -1 -7.33024e-14 8.70319e-20 -1 -6.12322e-17 -2.04418e-09 -1 -2.36043e-10 -2.0701e-09 -1 -2.39037e-10 9.20415e-05 -0.268743 0.963212 0.00010115 -0.269192 0.963087 -6.79988e-05 0.269861 0.962899 -7.09877e-05 0.269728 0.962937 -5.95686e-06 0.272596 0.962129 -2.87808e-06 0.27273 0.962091 0.00158487 -0.000410644 0.999999 0.00158461 -0.000409724 0.999999 0.00158977 -0.000427886 0.999999 0.00159004 -0.000428806 0.999999 -3.00608e-05 -5.26345e-09 1 9.38605e-05 -6.12323e-17 1 4.21006e-05 -6.12323e-17 1 -2.7008e-05 -4.85254e-09 1 4.59906e-05 -6.12323e-17 1 0.000103914 -6.12323e-17 1 5.459e-05 -6.12323e-17 1 -7.31755e-05 -6.12323e-17 1 1.21465e-05 -6.12323e-17 1 -0.000119049 -6.12323e-17 1 -8.08012e-05 -6.12323e-17 1 -2.42671e-05 -6.12323e-17 1 -5.67606e-05 -6.12323e-17 1 2.01203e-05 -6.12323e-17 1 2.31608e-05 -6.12323e-17 1 3.06425e-05 -6.12323e-17 1 -9.22985e-06 -6.12323e-17 1 -6.83277e-05 -6.12323e-17 1 2.28321e-06 -6.12323e-17 1 -1.05341e-05 -6.12323e-17 1 -2.68901e-06 -6.12323e-17 1 -9.26518e-06 -6.12323e-17 1 2.60761e-05 -6.12323e-17 1 -3.74074e-06 -6.12323e-17 1 -3.89917e-05 -6.12323e-17 1 8.35918e-08 -6.12323e-17 1 1.80987e-06 -6.12323e-17 1 2.66835e-05 -6.12323e-17 1 1.93288e-06 -6.12323e-17 1 2.86657e-05 -2.99568e-08 1 -7.49774e-06 -3.30923e-09 1 2.29435e-06 -2.54637e-08 1 -3.68908e-06 7.44934e-09 1 4.83046e-05 7.10884e-10 1 1.57647e-05 -6.12323e-17 1 2.3721e-05 5.40441e-09 1 3.3744e-05 -2.07508e-07 1 -1.90479e-05 1.9535e-09 1 -1.0349e-06 2.17605e-07 1 2.06624e-05 -6.11733e-09 1 -1.08218e-05 -5.45814e-09 1 8.29768e-06 -3.23599e-07 1 2.29013e-05 -9.47153e-09 1 4.51009e-06 -1.53073e-07 1 -4.54099e-05 -7.12314e-10 1 8.60071e-06 1.44958e-09 1 -8.13811e-05 -2.78898e-08 1 2.50557e-05 -2.64668e-08 1 7.53576e-05 -3.56071e-08 1 -4.2994e-06 -2.80381e-08 1 -1.13054e-05 -4.76378e-08 1 -1.61363e-05 -3.6207e-08 1 1.37469e-05 -7.00497e-08 1 1.92274e-05 -5.11188e-08 1 8.05388e-05 -1.22152e-07 1 -2.77085e-07 -1.86247e-07 1 -1.05425e-05 -6.12006e-09 1 3.41563e-05 -6.12323e-17 1 4.09231e-05 -6.12323e-17 1 -1.85124e-05 2.3439e-11 1 -6.07807e-06 -6.12323e-17 1 0.000124308 -6.12323e-17 1 -3.61462e-06 -6.12323e-17 1 4.26855e-05 -6.12323e-17 1 4.53301e-05 -6.12323e-17 1 2.56193e-05 -6.12323e-17 1 -3.0193e-05 -6.12323e-17 1 -9.16932e-05 -6.12323e-17 1 -0.000155727 1.60457e-08 1 -5.6603e-05 2.03171e-08 1 -1.38459e-06 1.76681e-08 1 -1.2643e-16 -1.50722e-09 1 -0.0100779 -0.261854 -0.965055 -0.0252554 -0.265637 -0.963742 -0.019771 -0.261639 -0.964963 -0.00832484 -0.25916 -0.965799 -0.0007108 -0.00991337 -0.999951 -0.003421 -0.02035 -0.999787 0.00215771 0.00195024 -0.999996 0.00217929 0.00209767 -0.999996 -0.00289806 -0.0183978 -0.999827 -0.0069151 -0.0341947 -0.999391 1.35098e-17 -1 -5.80905e-17 1.35098e-17 -1 -5.80905e-17 -0.000107511 -0.269192 -0.963087 -9.85917e-05 -0.268743 -0.963212 6.19049e-05 0.269861 -0.962899 0 0.27273 -0.962091 2.92811e-06 0.272596 -0.962129 6.47447e-05 0.269728 -0.962937 -0.00181809 -0.000473486 -0.999998 -0.00176148 -0.000475041 -0.999998 -0.00176434 -0.000474962 -0.999998 -0.00182095 -0.000473407 -0.999998 1.58838e-05 -1.64483e-09 -1 2.69406e-05 -1.51642e-09 -1 3.60451e-05 6.12323e-17 -1 -1.03988e-06 6.12323e-17 -1 2.33617e-05 6.12323e-17 -1 5.72117e-05 6.12323e-17 -1 -5.27062e-06 6.12323e-17 -1 -1.474e-05 6.12323e-17 -1 6.15352e-06 6.12323e-17 -1 -5.03282e-05 6.12323e-17 -1 2.40556e-05 6.12323e-17 -1 2.58552e-05 6.12323e-17 -1 2.3929e-05 -1.50871e-08 -1 2.05486e-05 -3.83178e-09 -1 -1.18824e-05 -3.92106e-08 -1 -5.38588e-06 -3.41357e-08 -1 -2.44181e-06 4.31367e-15 -1 -2.99692e-06 -1.10595e-09 -1 2.7349e-06 6.12323e-17 -1 -1.06312e-05 6.12323e-17 -1 1.52508e-05 6.12323e-17 -1 -8.22359e-06 6.12323e-17 -1 -4.42222e-05 6.12323e-17 -1 8.20891e-06 6.12323e-17 -1 -4.43979e-06 6.12323e-17 -1 -7.21865e-06 6.12323e-17 -1 8.1165e-06 6.12323e-17 -1 -5.29963e-06 6.12323e-17 -1 1.05587e-05 6.12323e-17 -1 1.53312e-06 -1.03412e-09 -1 8.50389e-06 -9.36155e-09 -1 2.93031e-06 -5.63729e-09 -1 3.7243e-06 6.71308e-09 -1 -8.23592e-06 -2.71094e-10 -1 -1.70115e-05 -6.99945e-08 -1 2.64411e-06 1.24108e-10 -1 -5.64565e-06 -1.32847e-09 -1 1.45415e-05 7.21298e-08 -1 4.88605e-06 -1.9636e-09 -1 4.38002e-06 -5.45806e-09 -1 1.63803e-05 -6.11779e-09 -1 -1.52218e-05 -1.1635e-07 -1 -1.21424e-05 -5.08751e-08 -1 1.81664e-05 -9.01655e-09 -1 9.50433e-07 6.77783e-08 -1 -1.22697e-05 -8.17292e-09 -1 -1.61181e-05 -2.7418e-08 -1 -1.62954e-05 -6.9125e-08 -1 -1.30752e-05 -5.95217e-08 -1 9.24651e-06 -4.11529e-08 -1 6.14122e-06 -3.5641e-08 -1 -7.34036e-06 -4.68931e-08 -1 5.93949e-06 -5.03205e-08 -1 -3.75407e-05 -6.89548e-08 -1 5.44447e-07 -1.83337e-07 -1 3.00148e-06 -1.20244e-07 -1 1.60973e-05 -1.28767e-08 -1 2.11561e-05 -7.1581e-12 -1 1.15171e-05 -3.27182e-09 -1 -6.07735e-05 -3.6711e-09 -1 -3.4279e-05 -2.60401e-08 -1 4.51161e-06 -3.75444e-08 -1 -4.41115e-06 -9.01682e-08 -1 -1.77656e-05 -3.29984e-08 -1 -6.34406e-06 5.43482e-08 -1 -2.14756e-05 -2.2554e-08 -1 1.09077e-05 1.31558e-08 -1 3.44281e-05 1.64381e-09 -1 7.982e-06 -3.61306e-09 -1 2.04992e-05 -1.29379e-09 -1 -3.93285e-16 2.34426e-08 -1 -2.46658e-06 1.35019e-08 -1 0 -1 0 0 -1 0 0 -1 0 0 -1 0 0 -1 -6.12323e-17 0 -1 -6.12323e-17 0 -1 -6.12323e-17 0 -1 -6.12323e-17 </float_array>
          <technique_common>
            <accessor count="204" offset="0" source="#meshId2-bitangents-array" stride="3">
              <param name="X" type="float" />
              <param name="Y" type="float" />
              <param name="Z" type="float" />
            </accessor>
          </technique_common>
        </source>
        <source id="meshId2-tex0" name="meshId2-tex0">
          <float_array id="meshId2-tex0-array" count="408"> 0.871573 0.0271481 0.87156 0.0332707 0.869799 0.0336803 0.866479 0.0289405 0.840736 0.0658297 0.841442 0.129962 0.834498 0.129955 0.83443 0.0645546 0.834719 0.0627117 0.840873 0.063957 0.0532841 0.995783 0.0532841 0.9995 0.0289666 0.9995 0.0289666 0.995783 0.0563581 0.995783 0.0563581 0.9995 0.200448 0.995783 0.200448 0.9995 0.16495 0.9995 0.16495 0.995783 0.961888 0.0272662 0.961884 0.0331426 0.962489 0.140252 0.962478 0.146097 0.876225 0.146027 0.876236 0.140252 0.977834 0.0447992 0.983909 0.0447888 0.9839 0.12781 0.97783 0.127821 0.994513 0.127811 0.994512 0.143467 0.98397 0.134932 0.9839 0.12781 0.9941 0.147173 0.98272 0.137959 0.992865 0.150054 0.981152 0.14057 0.990807 0.152112 0.979414 0.142887 0.987926 0.153347 0.977323 0.144761 0.984222 0.153758 0.974713 0.146059 0.962478 0.153759 0.962478 0.146097 0.876224 0.153758 0.780376 0.153758 0.849675 0.146024 0.876225 0.146027 0.776671 0.153346 0.839543 0.141935 0.843334 0.144179 0.773791 0.152111 0.837715 0.140001 0.771733 0.150053 0.836508 0.137782 0.770498 0.147172 0.835369 0.134883 0.770086 0.143468 0.834864 0.132393 0.770087 0.129978 0.834498 0.129955 0.77009 0.0516271 0.770227 0.0497534 0.834719 0.0627117 0.83443 0.0645546 0.770636 0.0479939 0.83516 0.0609583 0.771318 0.0463469 0.835791 0.059301 0.836483 0.0578694 0.772274 0.0448128 0.837584 0.0564201 0.794551 0.0223419 0.855003 0.0374318 0.795973 0.0211149 0.857198 0.035383 0.797506 0.0201593 0.859788 0.0332645 0.799154 0.0194772 0.862646 0.0309944 0.800913 0.0190678 0.866479 0.0289405 0.802787 0.0189312 0.871573 0.0271481 0.961908 0.0189319 0.984227 0.0189316 0.974082 0.0275582 0.961888 0.0272662 0.987932 0.0193431 0.977397 0.0282997 0.990813 0.020578 0.979779 0.0299586 0.992871 0.0226359 0.981776 0.0320683 0.994105 0.0255168 0.983105 0.0348688 0.994517 0.0292222 0.983678 0.0384363 0.994516 0.0447888 0.983909 0.0447888 0.87149 0.281139 0.866395 0.279347 0.869718 0.274605 0.871478 0.275014 0.840654 0.242456 0.834346 0.243732 0.834413 0.178332 0.841359 0.178323 0.840791 0.244329 0.834635 0.245575 0.0984198 0.995783 0.0984198 0.9995 0.961802 0.275143 0.961804 0.281021 0.962406 0.168033 0.876152 0.168033 0.87614 0.16226 0.962393 0.16219 0.977752 0.263486 0.977747 0.180465 0.983814 0.180476 0.983825 0.263498 0.994428 0.180476 0.983814 0.180476 0.983885 0.173354 0.994427 0.164819 0.982635 0.170329 0.994015 0.161114 0.981067 0.167718 0.99278 0.158233 0.979329 0.1654 0.990722 0.156175 0.977238 0.163525 0.987841 0.15494 0.974628 0.162228 0.984136 0.154529 0.962393 0.16219 0.962392 0.154529 0.876139 0.154529 0.87614 0.16226 0.84959 0.162262 0.78029 0.154529 0.843249 0.164108 0.839458 0.166351 0.776586 0.15494 0.83763 0.168285 0.773705 0.156175 0.836423 0.170504 0.771647 0.158233 0.835284 0.173404 0.770412 0.161114 0.834779 0.175894 0.770001 0.164819 0.770002 0.178309 0.834413 0.178332 0.770006 0.25666 0.834346 0.243732 0.834635 0.245575 0.770143 0.258533 0.835075 0.247328 0.770552 0.260293 0.835707 0.248986 0.771234 0.26194 0.836399 0.250417 0.8375 0.251867 0.772189 0.263474 0.85492 0.270855 0.794468 0.285944 0.795889 0.287173 0.857114 0.272904 0.859704 0.275022 0.797423 0.288128 0.862562 0.277293 0.79907 0.28881 0.866395 0.279347 0.80083 0.289219 0.87149 0.281139 0.802703 0.289356 0.961824 0.289356 0.961804 0.281021 0.973997 0.280729 0.984144 0.289355 0.977313 0.279987 0.987848 0.288944 0.979695 0.278328 0.990729 0.287709 0.981692 0.276218 0.992787 0.285651 0.983021 0.273417 0.994022 0.28277 0.983595 0.269851 0.994433 0.279065 0.983825 0.263498 0.994433 0.263498 0.295967 0.995783 0.295967 0.9995 0.263093 0.9995 0.263093 0.995783 0.393605 0.995783 0.393605 0.9995 0.359593 0.9995 0.359593 0.995783 </float_array>
          <technique_common>
            <accessor count="204" offset="0" source="#meshId2-tex0-array" stride="2">
              <param name="S" type="float" />
              <param name="T" type="float" />
            </accessor>
          </technique_common>
        </source>
        <vertices id="meshId2-vertices">
          <input semantic="POSITION" source="#meshId2-positions" />
          <input semantic="NORMAL" source="#meshId2-normals" />
          <input semantic="TANGENT" source="#meshId2-tangents" />
          <input semantic="BINORMAL" source="#meshId2-bitangents" />
          <input semantic="TEXCOORD" source="#meshId2-tex0"  />
        </vertices>
        <polylist count="180" material="defaultMaterial">
          <input offset="0" semantic="VERTEX" source="#meshId2-vertices" />
          <vcount>3 3 3 3 3 3 3 3 3 3 3 3 3 3 3 3 3 3 3 3 3 3 3 3 3 3 3 3 3 3 3 3 3 3 3 3 3 3 3 3 3 3 3 3 3 3 3 3 3 3 3 3 3 3 3 3 3 3 3 3 3 3 3 3 3 3 3 3 3 3 3 3 3 3 3 3 3 3 3 3 3 3 3 3 3 3 3 3 3 3 3 3 3 3 3 3 3 3 3 3 3 3 3 3 3 3 3 3 3 3 3 3 3 3 3 3 3 3 3 3 3 3 3 3 3 3 3 3 3 3 3 3 3 3 3 3 3 3 3 3 3 3 3 3 3 3 3 3 3 3 3 3 3 3 3 3 3 3 3 3 3 3 3 3 3 3 3 3 3 3 3 3 3 3 3 3 3 3 3 3 </vcount>
          <p>0 1 2 2 3 0 4 5 6 6 7 4 4 7 8 8 9 4 10 11 12 12 13 10 14 15 11 11 10 14 16 17 18 18 19 16 1 0 20 20 21 1 22 23 24 24 25 22 26 27 28 28 29 26 30 31 32 32 33 30 31 34 35 35 32 31 34 36 37 37 35 34 37 36 38 38 39 37 39 38 40 40 41 39 41 40 42 42 43 41 43 42 44 44 45 43 46 47 48 48 49 46 47 50 51 51 52 47 50 53 54 54 51 50 53 55 56 56 54 53 55 57 58 58 56 55 57 59 60 60 58 57 61 62 60 60 59 61 63 64 65 65 66 63 65 64 67 67 68 65 68 67 69 69 70 68 70 69 71 71 69 72 72 73 71 73 72 74 74 75 73 76 77 75 75 74 76 77 76 78 78 79 77 79 78 80 80 81 79 81 80 82 82 83 81 83 82 84 84 85 83 86 87 88 88 89 86 87 90 91 91 88 87 90 92 93 93 91 90 92 94 95 95 93 92 95 94 96 96 97 95 97 96 98 98 99 97 99 98 100 100 101 99 44 46 49 49 45 44 100 30 33 33 101 100 85 84 86 86 89 85 61 63 66 66 62 61 47 52 48 102 103 104 104 105 102 106 107 108 108 109 106 106 110 111 111 107 106 112 19 18 18 113 112 105 114 115 115 102 105 116 117 118 118 119 116 120 121 122 122 123 120 124 125 126 126 127 124 127 126 128 128 129 127 129 128 130 130 131 129 130 132 133 133 131 130 132 134 135 135 133 132 134 136 137 137 135 134 136 138 139 139 137 136 140 141 142 142 143 140 143 144 145 145 146 143 146 145 147 147 148 146 148 147 149 149 150 148 150 149 151 151 152 150 152 151 153 153 154 152 155 154 153 153 156 155 157 158 159 159 160 157 159 161 162 162 160 159 161 163 164 164 162 161 163 165 164 165 166 167 167 164 165 166 168 169 169 167 166 170 169 168 168 171 170 171 172 173 173 170 171 172 174 175 175 173 172 174 176 177 177 175 174 176 178 179 179 177 176 180 181 182 182 183 180 183 182 184 184 185 183 185 184 186 186 187 185 187 186 188 188 189 187 188 190 191 191 189 188 190 192 193 193 191 190 192 194 195 195 193 192 139 138 141 141 140 139 195 194 125 125 124 195 178 181 180 180 179 178 155 156 158 158 157 155 143 142 144 196 197 198 198 199 196 200 201 202 202 203 200 </p>
        </polylist>
      </mesh>
    </geometry>
    <geometry id="meshId3" name="meshId3_name" >
      <mesh>
        <source id="meshId3-positions" name="meshId3-positions">
          <float_array id="meshId3-positions-array" count="1626"> 0.937132 0.00738979 -0.632273 0.937132 -0.00738978 -0.632273 0.90177 -0.00738978 -0.636202 0.90177 0.00738979 -0.636202 -0.335094 0.00738979 -0.636202 -0.276855 0.00738979 -0.636202 -0.276855 -0.00738978 -0.636202 -0.335094 -0.00738978 -0.636202 -0.474127 0.00738979 -0.636202 -0.474127 -0.00738978 -0.636202 -0.517132 -0.00738978 -0.636202 -0.517132 0.00738979 -0.636202 -0.896226 0.00738979 -0.0592261 -0.896226 -0.00738978 -0.0592261 -0.896226 -0.00738978 -0.0940744 -0.896226 0.00738979 -0.0940744 -0.324884 0.00738979 -0.134859 -0.324884 -0.00738978 -0.134859 -0.243154 -0.00738978 -0.0584229 -0.243154 0.00738979 -0.0584229 -0.238536 0.00738979 0.258039 -0.23643 0.00738979 0.253697 -0.23643 -0.00738978 0.253697 -0.238536 -0.00738978 0.258039 -0.234984 0.00738979 -0.045603 -0.234984 -0.00738978 -0.045603 1 0.00738979 -0.537972 1 -0.00738978 -0.537972 0.996071 -0.00738978 -0.573335 0.996071 0.00738979 -0.573335 0.964637 0.00738979 0.620485 0.964637 -0.00738978 0.620485 0.984283 -0.00738978 0.600839 0.984283 0.00738979 0.600839 0.996071 -0.00738978 0.573335 0.996071 0.00738979 0.573335 -0.353202 0.00738979 -0.146037 -0.353202 -0.00738978 -0.146037 -0.338233 -0.00738978 -0.1425 -0.338233 0.00738979 -0.1425 -0.959232 0.00738979 0.618083 -0.981881 0.00738979 0.595435 -0.981881 -0.00738978 0.595435 -0.959232 -0.00738978 0.618083 -0.99547 0.00738979 0.563726 -1 0.00738979 0.522959 -1 -0.00738978 0.522959 -0.99547 -0.00738978 0.563726 -1 0.00738979 0.285116 -1 -0.00738978 0.285116 -1 0.00738979 0.242889 -1 -0.00738978 0.242889 -1 0.00738979 -0.0472444 -1 0.00738979 -0.148774 -1 -0.00738978 -0.148774 -1 -0.00738978 -0.0472444 -1 0.00738979 -0.522959 -1 -0.00738978 -0.522959 -1 0.00738979 0.189139 -1 -0.00738978 0.189139 -0.0958755 0.00738979 -0.636202 -0.0958755 -0.00738978 -0.636202 -0.239287 0.00738979 -0.629036 -0.239287 -0.00738978 -0.629036 -0.207656 0.00738979 -0.607539 -0.207656 -0.00738978 -0.607539 0.964637 0.00738979 -0.620485 0.964637 -0.00738978 -0.620485 -0.959232 0.00738979 -0.618083 -0.927524 0.00738979 -0.631673 -0.927524 -0.00738978 -0.631673 -0.959232 -0.00738978 -0.618083 -0.231201 0.00738979 0.189139 -0.231201 0.00738979 -0.0308789 -0.231201 -0.00738978 -0.0308789 -0.231201 -0.00738978 0.189139 -0.231201 0.00738979 0.230934 -0.231201 -0.00738978 0.230934 -0.83059 0.00738979 0.284056 -0.531747 0.00738979 0.284056 -0.531747 -0.00738978 0.284056 -0.83059 -0.00738978 0.284056 0.90177 0.00738979 0.636202 0.90177 -0.00738978 0.636202 0.937132 -0.00738978 0.632273 0.937132 0.00738979 0.632273 1 0.00738979 0.284056 1 -0.00738978 0.284056 1 -0.00738978 0.242889 1 0.00738979 0.242889 -0.519766 0.00313768 0.242207 -0.476791 0.00313768 0.242207 -0.476791 -0.00313768 0.242207 -0.519766 -0.00313768 0.242207 -0.886757 0.00738979 -0.636202 -0.886757 -0.00738978 -0.636202 -0.186365 0.00738979 0.586249 -0.186365 -0.00738978 0.586249 -0.165075 -0.00738978 0.607539 -0.165075 0.00738979 0.607539 -0.186365 0.00738979 -0.586249 -0.165075 0.00738979 -0.607539 -0.165075 -0.00738978 -0.607539 -0.186365 -0.00738978 -0.586249 -0.186365 0.00738979 -0.586249 -0.186365 -0.00738978 -0.586249 -0.207656 0.00738979 0.607539 -0.238042 0.00738979 0.629036 -0.238042 1.14343e-09 0.629036 -0.238042 -0.00738978 0.629036 -0.207656 -0.00738978 0.607539 1 0.00738979 0.189139 1 -0.00738978 0.189139 -0.99547 0.00738979 -0.563727 -0.981881 0.00738979 -0.595435 -0.981881 -0.00738978 -0.595435 -0.99547 -0.00738978 -0.563727 -0.464809 -0.00738978 0.284056 -0.464809 0.00738979 0.284056 -0.284297 0.00738979 0.284056 -0.284297 -0.00738978 0.284056 1 0.00738979 0.537972 1 -0.00738978 0.537972 -1 -0.00738978 -0.522959 -1 0.00738979 -0.522959 -0.529114 0.00738979 -0.146037 -0.844264 0.00738979 -0.146037 -0.844264 -0.00738978 -0.146037 -0.529114 -0.00738978 -0.146037 -0.462145 0.00738979 -0.146037 -0.462145 -0.00738978 -0.146037 -0.889111 0.00738979 -0.123612 -0.891726 0.00738979 -0.117161 -0.891726 -0.00738978 -0.117161 -0.889111 -0.00738978 -0.123612 -0.927524 0.00738979 0.631673 -0.927524 -0.00738978 0.631673 -0.0958755 0.00738979 0.636202 -0.133443 0.00738979 0.629036 -0.133443 -0.00738978 0.629036 -0.0958755 -0.00738978 0.636202 -0.476791 1.14343e-09 0.636202 -0.476791 0.00738979 0.636202 -0.519766 0.00738979 0.636202 -0.519766 -0.00738978 0.636202 -0.476791 -0.00738978 0.636202 0.984283 0.00738979 -0.600839 0.984283 -0.00738978 -0.600839 1 0.00738979 -0.146037 1 -0.00738978 -0.146037 1 0.00738979 -0.0472444 1 -0.00738978 -0.0472444 -0.517132 0.00313768 -0.109317 -0.517132 -0.00313768 -0.109317 -0.474127 -0.00313768 -0.109317 -0.474127 0.00313768 -0.109317 -0.254336 0.00738979 0.274461 -0.254336 -0.00738978 0.274461 -0.261744 -0.00738978 0.278415 -0.261744 0.00738979 0.278415 1 0.00738979 0.537972 1 -0.00738978 0.537972 -0.873483 0.00738979 -0.139158 -0.873483 -0.00738978 -0.139158 -0.867374 -0.00738978 -0.141596 -0.867374 0.00738979 -0.141596 -0.886757 0.00738979 0.636202 -0.886757 -0.00738978 0.636202 -0.186365 0.00738979 0.586249 -0.186365 -0.00738978 0.586249 -0.133443 -0.00738978 -0.629036 -0.133443 0.00738979 -0.629036 -0.869175 0.00738979 0.274708 -0.853876 0.00738979 0.280084 -0.853876 -0.00738978 0.280084 -0.869175 -0.00738978 0.274708 -0.886377 0.00738979 0.260306 -0.886377 -0.00738978 0.260306 -0.890328 -0.00738978 0.253319 -0.890328 0.00738979 0.253319 -0.896226 0.00738979 0.230908 -0.896226 -0.00738978 0.230908 -0.896226 -0.00738978 0.201121 -0.896226 0.00738979 0.201121 -0.849493 -0.00313768 -0.0472444 -0.849493 0.00313768 -0.0472444 -0.849493 0.00313768 0.189139 -0.849493 -0.00313768 0.189139 -0.238042 -0.00738978 0.629036 -0.238042 0.00738979 0.629036 -0.271875 0.00738979 0.636202 -0.271875 -0.00738978 0.636202 -0.476791 0.00617861 0.272136 -0.476791 -0.0061786 0.272136 -0.476791 -0.00313768 0.242207 -0.476791 0.00313768 0.242207 -0.519766 -0.0061786 0.272136 -0.519766 0.00617861 0.272136 -0.519766 0.00313768 0.242207 -0.519766 -0.00313768 0.242207 -0.517132 0.00601154 -0.134135 -0.517132 -0.00601153 -0.134135 -0.517132 -0.00313768 -0.109317 -0.517132 0.00313768 -0.109317 -0.474127 -0.00601153 -0.134135 -0.474127 0.00601154 -0.134135 -0.474127 0.00313768 -0.109317 -0.474127 -0.00313768 -0.109317 -0.884294 -0.0063041 -0.0472444 -0.884294 0.0063041 -0.0472444 -0.849493 0.00313768 -0.0472444 -0.849493 -0.00313768 -0.0472444 -0.884294 0.0063041 0.189139 -0.884294 -0.0063041 0.189139 -0.849493 -0.00313768 0.189139 -0.849493 0.00313768 0.189139 -0.895473 -0.00738978 -0.101882 -0.89396 -0.00738978 -0.109641 -0.89396 0.00738979 -0.109641 -0.895473 0.00738979 -0.101882 -0.838414 -0.00738978 0.283394 -0.846274 -0.00738978 0.282053 -0.846274 0.00738979 0.282053 -0.838414 0.00738979 0.283394 -0.232083 -0.00738978 0.238715 -0.233828 -0.00738978 0.246311 -0.233828 0.00738979 0.246311 -0.232083 0.00738979 0.238715 -0.474004 0.00685857 0.278828 -0.471536 0.00710814 0.281284 -0.471536 -0.00710813 0.281284 -0.471536 -0.00710813 0.281284 -0.474004 -0.00685857 0.278828 -0.474004 0.00685857 0.278828 -0.522552 -0.00685857 0.278828 -0.525021 -0.00710813 0.281284 -0.525021 0.00710814 0.281284 -0.525021 0.00710814 0.281284 -0.522552 0.00685857 0.278828 -0.522552 -0.00685857 0.278828 -0.890993 -0.00691361 -0.0500306 -0.893452 -0.00713732 -0.0524995 -0.893452 0.00713732 -0.0524995 -0.893452 0.00713732 -0.0524995 -0.890993 0.00691361 -0.0500306 -0.890993 -0.00691361 -0.0500306 -0.269043 -0.00738978 0.281226 -0.276534 -0.00738978 0.2831 -0.276534 0.00738979 0.2831 -0.269043 0.00738979 0.281226 -0.242988 -0.00738978 0.264424 -0.248128 -0.00738978 0.269766 -0.248128 0.00738979 0.269766 -0.242988 0.00738979 0.264424 -0.859844 -0.00738978 -0.1438 -0.852074 -0.00738978 -0.145293 -0.852074 0.00738979 -0.145293 -0.859844 0.00738979 -0.1438 -0.519918 0.00678529 -0.140817 -0.522387 0.00706929 -0.143269 -0.522387 -0.00706928 -0.143269 -0.522387 -0.00706928 -0.143269 -0.519918 -0.00678529 -0.140817 -0.519918 0.00678529 -0.140817 -0.471341 -0.00678529 -0.140817 -0.468872 -0.00706928 -0.143269 -0.468872 0.00706929 -0.143269 -0.468872 0.00706929 -0.143269 -0.471341 0.00678529 -0.140817 -0.471341 -0.00678529 -0.140817 -0.884838 -0.00738978 -0.130043 -0.879936 -0.00738978 -0.134918 -0.879936 0.00738979 -0.134918 -0.884838 0.00738979 -0.130043 -0.875914 -0.00738978 0.270872 -0.881416 -0.00738978 0.266265 -0.881416 0.00738979 0.266265 -0.875914 0.00738979 0.270872 -0.893271 -0.00738978 0.246078 -0.895224 -0.00738978 0.238659 -0.895224 0.00738979 0.238659 -0.893271 0.00738979 0.246078 -0.890993 0.00691361 0.191925 -0.893452 0.00713732 0.194394 -0.893452 -0.00713732 0.194394 -0.893452 -0.00713732 0.194394 -0.890993 -0.00691361 0.191925 -0.890993 0.00691361 0.191925 -0.522552 -0.00685857 0.278828 -0.522552 0.00685857 0.278828 -0.890993 -0.00691361 -0.0500306 -0.890993 0.00691361 -0.0500306 -0.471341 -0.00678529 -0.140817 -0.471341 0.00678529 -0.140817 -0.471536 0.00710814 0.281284 -0.471536 -0.00710813 0.281284 -0.522387 0.00706929 -0.143269 -0.522387 -0.00706928 -0.143269 -0.893452 0.00713732 0.194394 -0.893452 -0.00713732 0.194394 -0.834193 0.00670178 0.241897 -0.834193 -0.0065 0.241897 -0.824499 -0.0065 0.242974 -0.824499 0.00670178 0.242974 -0.268485 0.00670178 0.233281 -0.268485 -0.0065 0.233281 -0.265254 -0.0065 0.225741 -0.265254 0.00670178 0.225741 -0.841732 0.00670178 -0.105514 -0.841732 -0.0065 -0.105514 -0.847117 -0.0065 -0.100128 -0.847117 0.00670178 -0.100128 -0.850348 0.00670178 -0.0925892 -0.850348 -0.0065 -0.0925892 -0.335913 0.00670178 -0.106609 -0.331899 0.00670178 -0.10411 -0.331899 -0.0065 -0.10411 -0.335913 -0.0065 -0.106609 -0.344828 0.00670178 -0.109465 -0.340223 0.00670178 -0.108394 -0.340223 -0.0065 -0.108394 -0.344828 -0.0065 -0.109465 -0.767603 0.00670178 0.242974 -0.541906 0.00670178 0.242974 -0.291103 0.00670178 0.242974 -0.767603 -0.00649999 0.242974 -0.541906 -0.0065 0.242974 -0.291103 -0.0065 0.242974 -0.28141 -0.0065 0.241897 -0.28141 0.00670178 0.241897 -0.847117 0.00670178 0.233281 -0.847117 -0.0065 0.233281 -0.841732 -0.0065 0.238666 -0.841732 0.00670178 0.238666 -0.850348 0.00670178 0.225741 -0.850348 -0.0065 0.225741 -0.27387 0.00670178 0.238666 -0.27387 -0.0065 0.238666 -0.834193 0.00670178 -0.108745 -0.834193 -0.0065 -0.108745 -0.264177 0.00670178 -0.02427 -0.264177 0.00670178 0.18075 -0.264177 0.00670178 0.216048 -0.264177 -0.0065 -0.02427 -0.264177 -0.0065 0.216048 -0.264177 -0.0065 0.18075 -0.824499 0.00670178 -0.109822 -0.766097 0.00670178 -0.109822 -0.349729 0.00670178 -0.109822 -0.824499 -0.0065 -0.109822 -0.349729 -0.0065 -0.109822 -0.766097 -0.0065 -0.109822 -0.851425 0.00670178 -0.0828959 -0.851425 -0.0065 -0.0828959 -0.264534 0.00670178 -0.0291709 -0.264534 -0.0065 -0.0291709 -0.328182 0.00670178 -0.100897 -0.328182 -0.0065 -0.100897 -0.265605 0.00670178 -0.0337761 -0.265605 -0.0065 -0.0337761 -0.26739 0.00670178 -0.0380855 -0.265605 0.00670178 -0.0337761 -0.265605 -0.0065 -0.0337761 -0.26739 -0.0065 -0.0380855 -0.269889 0.00670178 -0.0420992 -0.269889 -0.0065 -0.0420992 -0.516391 0.00670178 -0.0836322 -0.525054 0.00241103 -0.0712556 -0.525054 -0.00220924 -0.0712556 -0.516391 -0.00649999 -0.0836322 -0.449365 0.00241103 0.0079672 -0.43329 0.00670178 0.00473731 -0.43329 -0.00649999 0.00473731 -0.449365 -0.00220924 0.0079672 -0.43329 0.00670178 0.00473731 -0.434443 0.00670178 0.000148563 -0.434443 -0.00649999 0.000148563 -0.43329 -0.00649999 0.00473731 -0.436094 0.00670178 -0.00418779 -0.436094 -0.00649999 -0.00418779 -0.437905 0.00670178 -0.00793448 -0.437905 -0.00649999 -0.00793448 -0.440788 0.00670178 -0.0117262 -0.440788 -0.00649999 -0.0117262 -0.486365 0.00670178 -0.0614134 -0.486365 -0.00649999 -0.0614134 -0.492108 0.00670178 -0.0667741 -0.492108 -0.00649999 -0.0667741 -0.498883 0.00670178 -0.0723166 -0.498883 -0.00649999 -0.0723166 -0.506362 0.00670178 -0.0782572 -0.506362 -0.00649999 -0.0782572 -0.516391 0.00670178 -0.0836322 -0.516391 -0.00649999 -0.0836322 -0.541906 0.00241103 0.207607 -0.541906 0.00670178 0.222744 -0.541906 -0.0065 0.222744 -0.541906 -0.00220924 0.207607 -0.541906 0.00670178 0.222744 -0.472435 0.00670178 0.222737 -0.472435 -0.0065 0.222737 -0.541906 -0.0065 0.222744 -0.455842 0.00670178 0.217908 -0.455842 -0.0065 0.217908 -0.445921 0.00670178 0.212038 -0.445921 -0.0065 0.212038 -0.441139 0.00670178 0.206978 -0.441139 -0.0065 0.206978 -0.437979 0.00670178 0.201171 -0.437979 -0.0065 0.201171 -0.434999 0.00670178 0.193584 -0.434999 -0.0065 0.193584 -0.433676 0.00670178 0.187069 -0.433676 -0.0065 0.187069 -0.432719 0.00670178 0.180688 -0.432719 -0.0065 0.180688 -0.432719 0.00670178 0.180688 -0.450862 0.00241103 0.180682 -0.450862 -0.00220924 0.180682 -0.432719 -0.0065 0.180688 -0.767603 0.00670178 0.222926 -0.767603 0.00241103 0.207607 -0.767603 -0.00220924 0.207607 -0.767603 -0.0065 0.222926 -0.807744 0.00241103 0.175078 -0.823655 0.00670178 0.175078 -0.823655 -0.0065 0.175078 -0.807744 -0.00220924 0.175078 -0.823655 0.00670178 0.175078 -0.82384 0.00670178 0.193713 -0.82384 -0.0065 0.193713 -0.823655 -0.0065 0.175078 -0.82057 0.00670178 0.201631 -0.82057 -0.0065 0.201631 -0.816465 0.00670178 0.208463 -0.816465 -0.0065 0.208463 -0.811919 0.00670178 0.214528 -0.811919 -0.0065 0.214528 -0.806447 0.00670178 0.219433 -0.806447 -0.0065 0.219433 -0.799618 0.00670178 0.222829 -0.799618 -0.0065 0.222829 -0.767603 0.00670178 0.222926 -0.767603 -0.0065 0.222926 -0.766008 0.00241103 -0.0726626 -0.766045 0.00670178 -0.0880136 -0.766045 -0.0065 -0.0880136 -0.766008 -0.00220924 -0.0726626 -0.766045 0.00670178 -0.0880136 -0.797952 0.00670178 -0.0872506 -0.797952 -0.00649999 -0.0872506 -0.766045 -0.0065 -0.0880136 -0.806628 0.00670178 -0.0853089 -0.806628 -0.0065 -0.0853089 -0.812861 0.00670178 -0.0809669 -0.812861 -0.00649999 -0.0809669 -0.818087 0.00670178 -0.0754463 -0.818087 -0.00649999 -0.0754463 -0.821565 0.00670178 -0.0681176 -0.821565 -0.0065 -0.0681176 -0.823066 0.00670178 -0.0587846 -0.823066 -0.00649999 -0.0587846 -0.823669 0.00670178 -0.0421612 -0.823669 -0.0065 -0.0421612 -0.823669 0.00670178 -0.0421612 -0.807744 0.00241103 -0.0421612 -0.807744 -0.00220924 -0.0421612 -0.823669 -0.0065 -0.0421612 -0.780819 -0.005675 0.207607 -0.477788 -0.005675 0.207607 -0.477788 0.00670178 0.207607 -0.780819 0.00670178 0.207607 -0.450862 -0.005675 0.180682 -0.449008 -0.005675 0.0128681 -0.449008 0.00670178 0.0128681 -0.450862 0.00670178 0.180682 -0.53456 -0.005675 -0.0726836 -0.780819 -0.005675 -0.0726836 -0.780819 0.00670178 -0.0726836 -0.53456 0.00670178 -0.0726836 -0.807744 -0.005675 -0.0457578 -0.807744 -0.005675 0.180682 -0.807744 0.00670178 0.180682 -0.807744 0.00670178 -0.0457578 -0.468095 0.00670178 0.20653 -0.468095 -0.005675 0.20653 -0.790512 -0.005675 0.20653 -0.790512 0.00670178 0.20653 -0.790512 0.00670178 -0.0716066 -0.790512 -0.005675 -0.0716066 -0.460556 0.00670178 0.203299 -0.460556 -0.005675 0.203299 -0.455171 0.00670178 0.197914 -0.455171 -0.005675 0.197914 -0.451939 0.00670178 0.190375 -0.451939 -0.005675 0.190375 -0.798051 -0.005675 0.203299 -0.798051 0.00670178 0.203299 -0.803436 -0.005675 0.197914 -0.803436 0.00670178 0.197914 -0.806667 -0.005675 0.190375 -0.806667 0.00670178 0.190375 -0.798051 0.00670178 -0.0683755 -0.798051 -0.005675 -0.0683755 -0.803436 0.00670178 -0.0629903 -0.798051 0.00670178 -0.0683755 -0.798051 -0.005675 -0.0683755 -0.803436 -0.005675 -0.0629903 -0.806667 0.00670178 -0.0554511 -0.806667 -0.005675 -0.0554511 -0.457933 -0.005675 -0.00867902 -0.513013 -0.005675 -0.0637585 -0.513013 0.00670178 -0.0637585 -0.457933 0.00670178 -0.00867902 -0.449365 0.00670178 0.00796721 -0.449365 -0.005675 0.00796721 -0.516731 0.00670178 -0.0669716 -0.516731 -0.005675 -0.0669716 -0.450436 0.00670178 0.00336202 -0.450436 -0.005675 0.00336202 -0.452221 0.00670178 -0.000947415 -0.452221 -0.005675 -0.000947415 -0.45472 0.00670178 -0.00496109 -0.45472 -0.005675 -0.00496109 -0.520745 0.00670178 -0.0694706 -0.520745 -0.005675 -0.0694706 -0.525054 0.00670178 -0.0712556 -0.525054 -0.005675 -0.0712556 -0.529659 0.00670178 -0.0723266 -0.529659 -0.005675 -0.0723266 -0.850348 -0.0065 0.225741 -0.850348 0.00670178 0.225741 -0.851425 0.00670178 0.216048 -0.851425 -0.0065 0.216048 -0.851425 -0.0065 0.216048 -0.851425 0.00670178 0.216048 -0.851425 0.00670178 0.175078 -0.851425 -0.0065 0.175078 -0.851425 0.00670178 -0.0421612 -0.851425 -0.0065 -0.0421612 -0.851425 0.00670178 -0.0828959 -0.851425 -0.0065 -0.0828959 </float_array>
          <technique_common>
            <accessor count="542" offset="0" source="#meshId3-positions-array" stride="3">
              <param name="X" type="float" />
              <param name="Y" type="float" />
              <param name="Z" type="float" />
            </accessor>
          </technique_common>
        </source>
        <source id="meshId3-normals" name="meshId3-normals">
          <float_array id="meshId3-normals-array" count="1626"> 0.254929 5.92092e-17 -0.96696 0.254929 5.92092e-17 -0.96696 0.0553003 6.11386e-17 -0.99847 0.0553003 6.11386e-17 -0.99847 0 6.12323e-17 -1 0.0940999 6.09606e-17 -0.995563 0.0941 6.09606e-17 -0.995563 0 6.12323e-17 -1 0 6.12323e-17 -1 0 6.12323e-17 -1 0 6.12323e-17 -1 0 6.12323e-17 -1 0.981354 1.17693e-17 -0.192207 0.981354 1.17693e-17 -0.192207 0.998842 -2.94586e-18 0.0481096 0.998842 -2.94586e-18 0.0481096 -0.593913 -4.92632e-17 0.80453 -0.593913 -4.92632e-17 0.80453 -0.769246 -3.91246e-17 0.638952 -0.769246 -3.91245e-17 0.638952 -0.862691 3.09671e-17 -0.505731 -0.922935 2.35718e-17 -0.384957 -0.922935 2.35718e-17 -0.384957 -0.862691 3.09671e-17 -0.505731 -0.917348 -2.43757e-17 0.398085 -0.917348 -2.43757e-17 0.398085 0.99847 3.38617e-18 -0.0553003 0.99847 3.38617e-18 -0.0553003 0.96696 1.56099e-17 -0.254929 0.96696 1.56099e-17 -0.254929 0.560628 -5.07045e-17 0.828068 0.560628 -5.07045e-17 0.828068 0.828067 -3.43286e-17 0.560629 0.828067 -3.43286e-17 0.560629 0.96696 -1.56099e-17 0.254929 0.96696 -1.56099e-17 0.254929 -0.115765 -6.08207e-17 0.993277 -0.115765 -6.08207e-17 0.993277 -0.367174 -5.69554e-17 0.930152 -0.367174 -5.69554e-17 0.930152 -0.560629 -5.07045e-17 0.828067 -0.828067 -3.43286e-17 0.560629 -0.828067 -3.43286e-17 0.560629 -0.560629 -5.07045e-17 0.828067 -0.96696 -1.56099e-17 0.254929 -0.99847 -3.38616e-18 0.0553002 -0.99847 -3.38616e-18 0.0553002 -0.96696 -1.56099e-17 0.254929 -1 0 0 -1 0 0 -1 4.1683e-23 -6.80735e-07 -1 4.1683e-23 -6.80735e-07 -1 -9.4781e-24 1.54789e-07 -1 0 0 -1 0 0 -1 -9.4781e-24 1.54789e-07 -0.99847 3.38616e-18 -0.0553002 -0.99847 3.38616e-18 -0.0553002 -1 3.22049e-23 -5.25946e-07 -1 3.22049e-23 -5.25946e-07 -0.0940999 6.09606e-17 -0.995563 -0.0940999 6.09606e-17 -0.995563 0.382683 5.65713e-17 -0.92388 0.382683 5.65713e-17 -0.92388 0.63743 4.718e-17 -0.770508 0.63743 4.718e-17 -0.770508 0.560628 5.07045e-17 -0.828068 0.560628 5.07045e-17 -0.828068 -0.560629 5.07045e-17 -0.828067 -0.25493 5.92092e-17 -0.96696 -0.25493 5.92092e-17 -0.96696 -0.560629 5.07045e-17 -0.828067 -1 0 0 -0.992108 -7.67796e-18 0.125391 -0.992108 -7.67796e-18 0.125391 -1 0 0 -0.998407 3.45481e-18 -0.0564213 -0.998407 3.45481e-18 -0.0564213 0.0422286 6.11777e-17 -0.999108 -0.191779 6.00958e-17 -0.981438 -0.191779 6.00958e-17 -0.981438 0.0422287 6.11777e-17 -0.999108 0.0553003 -6.11386e-17 0.99847 0.0553003 -6.11386e-17 0.99847 0.254929 -5.92092e-17 0.96696 0.254929 -5.92092e-17 0.96696 1 1.08848e-22 -1.77762e-06 1 1.08848e-22 -1.77762e-06 1 1.08848e-22 -1.77762e-06 1 1.08848e-22 -1.77762e-06 0 6.12323e-17 -1 0 6.12323e-17 -1 0 6.12323e-17 -1 0 6.12323e-17 -1 -0.0553001 6.11386e-17 -0.99847 -0.0553002 6.11386e-17 -0.99847 -0.707107 -4.32978e-17 0.707107 -0.707107 -4.32978e-17 0.707107 -0.63743 -4.718e-17 0.770508 -0.63743 -4.718e-17 0.770508 -0.707107 4.32978e-17 -0.707107 -0.63743 4.718e-17 -0.770508 -0.63743 4.718e-17 -0.770508 -0.707107 4.32978e-17 -0.707107 0.707106 4.32978e-17 -0.707107 0.707106 4.32978e-17 -0.707107 0.644645 -4.6811e-17 0.764482 0.577546 -4.99875e-17 0.816358 0.577546 -4.99875e-17 0.816358 0.577546 -4.99875e-17 0.816358 0.644645 -4.6811e-17 0.764482 1 -9.4781e-24 1.54789e-07 1 -9.4781e-24 1.54789e-07 -0.96696 1.56099e-17 -0.254929 -0.828067 3.43286e-17 -0.560629 -0.828067 3.43286e-17 -0.560629 -0.96696 1.56099e-17 -0.254929 0.191779 6.00958e-17 -0.981438 0.191779 6.00958e-17 -0.981438 -0.0612438 6.11174e-17 -0.998123 -0.0612438 6.11174e-17 -0.998123 0.99847 -3.38617e-18 0.0553003 0.99847 -3.38616e-18 0.0553003 -0.99847 3.38616e-18 -0.0553002 -0.99847 3.38616e-18 -0.0553002 -0.19118 -6.01029e-17 0.981555 0.0474471 -6.11634e-17 0.998874 0.0474471 -6.11634e-17 0.998874 -0.19118 -6.01029e-17 0.981555 0.19118 -6.01029e-17 0.981555 0.19118 -6.01029e-17 0.981555 0.884306 -2.85899e-17 0.466909 0.943783 -2.02414e-17 0.330566 0.943783 -2.02414e-17 0.330566 0.884306 -2.85899e-17 0.466909 -0.25493 -5.92092e-17 0.96696 -0.25493 -5.92092e-17 0.96696 -0.0940999 -6.09606e-17 0.995563 -0.382683 -5.65713e-17 0.92388 -0.382683 -5.65713e-17 0.92388 -0.0941 -6.09606e-17 0.995563 0 -6.12323e-17 1 0 -6.12323e-17 1 0 -6.12323e-17 1 0 -6.12323e-17 1 0 -6.12323e-17 1 0.828067 3.43286e-17 -0.560629 0.828067 3.43286e-17 -0.560629 1 -2.26785e-23 3.70368e-07 1 -2.26785e-23 3.70368e-07 1 -3.21566e-23 5.25157e-07 1 -3.21566e-23 5.25157e-07 0 -6.12323e-17 1 0 -6.12323e-17 1 0 -6.12323e-17 1 0 -6.12323e-17 1 -0.53868 5.15889e-17 -0.84251 -0.53868 5.15889e-17 -0.84251 -0.415936 5.56843e-17 -0.909394 -0.415936 5.56843e-17 -0.909394 0.99847 -3.38617e-18 0.0553003 0.99847 -3.38616e-18 0.0553003 0.4622 -5.42993e-17 0.886776 0.4622 -5.42993e-17 0.886776 0.326177 -5.78835e-17 0.945309 0.326177 -5.78835e-17 0.945309 -0.0553002 -6.11386e-17 0.99847 -0.0553002 -6.11386e-17 0.99847 0.707106 -4.32978e-17 0.707107 0.707106 -4.32978e-17 0.707107 -0.382683 5.65713e-17 -0.92388 -0.382683 5.65713e-17 -0.92388 0.414785 5.57165e-17 -0.909919 0.291401 5.85749e-17 -0.956601 0.291401 5.85749e-17 -0.956601 0.414785 5.57165e-17 -0.909919 0.822813 3.47991e-17 -0.568313 0.822813 3.47991e-17 -0.568313 0.900296 2.66531e-17 -0.435277 0.900296 2.66531e-17 -0.435277 0.997931 3.93663e-18 -0.0642901 0.997931 3.93663e-18 -0.0642901 0.981354 -1.17693e-17 0.192207 0.981354 -1.17693e-17 0.192207 1 0 0 1 0 0 1 0 0 1 0 0 0.207201 -5.99035e-17 0.978298 0.207201 -5.99035e-17 0.978298 0.104167 -6.08992e-17 0.99456 0.104167 -6.08992e-17 0.99456 0.978097 1.27454e-17 -0.208148 0.978097 1.27454e-17 -0.208148 1 0 0 1 0 0 -0.978097 1.27454e-17 -0.208148 -0.978097 1.27454e-17 -0.208148 -1 0 0 -1 0 0 -0.977676 -1.2866e-17 0.210118 -0.977676 -1.2866e-17 0.210118 -1 0 0 -1 0 0 0.977676 -1.2866e-17 0.210118 0.977676 -1.2866e-17 0.210118 1 0 0 1 0 0 0.206696 5.99101e-17 -0.978405 0.206696 5.99101e-17 -0.978405 -2.62849e-07 6.12323e-17 -1 -2.62849e-07 6.12323e-17 -1 0.206696 -5.991e-17 0.978405 0.206696 -5.991e-17 0.978405 0 -6.12323e-17 1 0 -6.12323e-17 1 0.989593 -8.81082e-18 0.143892 0.971183 -1.45939e-17 0.238336 0.971183 -1.45939e-17 0.238336 0.989593 -8.81082e-18 0.143892 0.126387 6.07413e-17 -0.991981 0.209641 5.98717e-17 -0.977778 0.209641 5.98717e-17 -0.977778 0.126387 6.07413e-17 -0.991981 -0.985694 1.03205e-17 -0.168546 -0.960429 1.70547e-17 -0.278524 -0.960429 1.70547e-17 -0.278524 -0.985694 1.03205e-17 -0.168546 0.824325 3.46646e-17 -0.566116 0.547873 5.12246e-17 -0.836561 0.547873 5.12246e-17 -0.836561 0.547873 5.12246e-17 -0.836561 0.824325 3.46646e-17 -0.566116 0.824325 3.46646e-17 -0.566116 -0.824325 3.46646e-17 -0.566116 -0.547873 5.12246e-17 -0.836561 -0.547873 5.12246e-17 -0.836561 -0.547873 5.12246e-17 -0.836561 -0.824325 3.46646e-17 -0.566116 -0.824325 3.46646e-17 -0.566116 0.56485 5.05285e-17 -0.825194 0.835923 3.36072e-17 -0.548847 0.835923 3.36072e-17 -0.548847 0.835923 3.36072e-17 -0.548847 0.56485 5.05285e-17 -0.825194 0.56485 5.05285e-17 -0.825194 -0.301635 5.83804e-17 -0.953423 -0.182811 6.02005e-17 -0.983148 -0.182811 6.02005e-17 -0.983148 -0.301635 5.83804e-17 -0.953423 -0.77286 3.88567e-17 -0.634577 -0.66396 4.57876e-17 -0.747768 -0.66396 4.57876e-17 -0.747768 -0.77286 3.88567e-17 -0.634577 0.235104 -5.9516e-17 0.97197 0.141915 -6.06126e-17 0.989879 0.141915 -6.06126e-17 0.989879 0.235104 -5.9516e-17 0.97197 -0.823118 -3.4772e-17 0.56787 -0.54651 -5.12792e-17 0.837453 -0.54651 -5.12792e-17 0.837453 -0.54651 -5.12792e-17 0.837453 -0.823118 -3.4772e-17 0.56787 -0.823118 -3.4772e-17 0.56787 0.823118 -3.4772e-17 0.56787 0.54651 -5.12792e-17 0.837453 0.54651 -5.12792e-17 0.837453 0.54651 -5.12792e-17 0.837453 0.823118 -3.4772e-17 0.56787 0.823118 -3.4772e-17 0.56787 0.77296 -3.88491e-17 0.634455 0.630335 -4.75361e-17 0.776324 0.630335 -4.75361e-17 0.776324 0.77296 -3.88491e-17 0.634455 0.570612 5.02852e-17 -0.82122 0.708094 4.32373e-17 -0.706118 0.708094 4.32373e-17 -0.706118 0.570612 5.02852e-17 -0.82122 0.948707 1.93591e-17 -0.316157 0.981432 1.17449e-17 -0.191809 0.981432 1.17449e-17 -0.191809 0.948707 1.93591e-17 -0.316157 0.564849 -5.05286e-17 0.825194 0.835922 -3.36072e-17 0.548848 0.835922 -3.36072e-17 0.548848 0.835922 -3.36072e-17 0.548848 0.564849 -5.05286e-17 0.825194 0.564849 -5.05286e-17 0.825194 -0.824325 3.46646e-17 -0.566116 -0.824325 3.46646e-17 -0.566116 0.56485 5.05285e-17 -0.825194 0.56485 5.05285e-17 -0.825194 0.823118 -3.4772e-17 0.56787 0.823118 -3.4772e-17 0.56787 0.547873 5.12246e-17 -0.836561 0.547873 5.12246e-17 -0.836561 -0.54651 -5.12792e-17 0.837453 -0.54651 -5.12792e-17 0.837453 0.835922 -3.36072e-17 0.548848 0.835922 -3.36072e-17 0.548848 -0.254928 -5.92092e-17 0.96696 -0.254928 -5.92092e-17 0.96696 -0.0553006 1.00294e-07 0.99847 -0.0553005 -6.11386e-17 0.99847 0.828067 -3.43286e-17 0.560629 0.828067 -3.43286e-17 0.560629 0.96696 -1.56099e-17 0.254929 0.96696 -1.56099e-17 0.254929 -0.560629 5.07045e-17 -0.828067 -0.560629 5.07045e-17 -0.828067 -0.828067 3.43286e-17 -0.560629 -0.828067 3.43286e-17 -0.560629 -0.96696 1.56099e-17 -0.25493 -0.96696 1.56099e-17 -0.25493 0.457158 5.44592e-17 -0.889386 0.593006 4.93042e-17 -0.805198 0.593006 4.93042e-17 -0.805198 0.457158 5.44592e-17 -0.889386 0.150041 6.05392e-17 -0.98868 0.305631 5.83024e-17 -0.95215 0.305631 5.83024e-17 -0.95215 0.150041 6.05392e-17 -0.98868 -5.18411e-08 1.60921e-06 1 -1.20448e-09 2.57828e-08 1 0.0553004 -6.11386e-17 0.99847 0 -0.999078 -0.0429291 0 -0.999078 -0.0429291 0.0553004 -6.11386e-17 0.99847 0.254929 -5.92092e-17 0.96696 0.254929 -5.92092e-17 0.96696 -0.828067 -3.43286e-17 0.560629 -0.828067 -3.43286e-17 0.560629 -0.56063 -5.07045e-17 0.828067 -0.56063 -5.07045e-17 0.828067 -0.919143 -2.41209e-17 0.393925 -0.919143 -2.41209e-17 0.393925 0.560629 -5.07045e-17 0.828067 0.560629 -5.07045e-17 0.828067 -0.254928 5.92092e-17 -0.96696 -0.254928 5.92092e-17 -0.96696 0.999339 2.22579e-18 -0.0363499 1 0 0 0.99847 -3.38618e-18 0.0553005 0.999339 2.22579e-18 -0.0363499 0.99847 -3.38618e-18 0.0553005 1 0 0 -0.0553016 6.11386e-17 -0.99847 1 0 0 0.0363522 6.11919e-17 -0.999339 -0.0553016 6.11386e-17 -0.99847 0.0363521 6.11919e-17 -0.999339 0 6.12323e-17 -1 -0.993884 6.76165e-18 -0.110426 -0.993884 6.76165e-18 -0.110426 0.98868 9.18739e-18 -0.150041 0.98868 9.18739e-18 -0.150041 0.682514 4.47531e-17 -0.730873 0.682514 4.47531e-17 -0.730873 0.95215 1.87146e-17 -0.305632 0.95215 1.87146e-17 -0.305632 0.889386 2.79928e-17 -0.457157 0.95215 1.87146e-17 -0.305632 0.95215 1.87146e-17 -0.305632 0.889386 2.79928e-17 -0.457157 0.784449 3.79759e-17 -0.620194 0.784449 3.79759e-17 -0.620194 0.819248 -3.5113e-17 0.573439 0.819248 -3.5113e-17 0.573439 0.819248 -3.5113e-17 0.573439 0.819248 -3.5113e-17 0.573439 -0.196992 6.00325e-17 -0.980405 -0.196992 6.00325e-17 -0.980405 -0.196992 6.00325e-17 -0.980405 -0.196992 6.00325e-17 -0.980405 -0.969856 -1.49211e-17 0.24368 -0.953855 -1.83861e-17 0.300268 -0.953855 -1.83861e-17 0.300268 -0.969856 -1.49211e-17 0.24368 -0.918338 -2.42355e-17 0.395797 -0.918338 -2.42355e-17 0.395797 -0.852472 -3.20106e-17 0.522772 -0.852472 -3.20106e-17 0.522772 -0.767284 -3.92688e-17 0.641308 -0.767284 -3.92688e-17 0.641308 -0.710196 -4.31078e-17 0.704005 -0.710196 -4.31078e-17 0.704005 -0.658131 -4.6102e-17 0.752903 -0.658131 -4.6102e-17 0.752903 -0.627589 -4.76721e-17 0.778545 -0.627589 -4.76721e-17 0.778545 -0.549394 -5.11635e-17 0.835564 -0.549394 -5.11635e-17 0.835564 -0.47239 -5.39696e-17 0.88139 -0.47239 -5.39696e-17 0.88139 1 0 0 1 0 0 1 0 0 1 0 0 -9.82278e-05 6.12323e-17 -1 -0.141173 6.06191e-17 -0.989985 -0.141173 6.06191e-17 -0.989985 -9.82278e-05 6.12323e-17 -1 -0.397471 5.61877e-17 -0.917615 -0.397471 5.61877e-17 -0.917615 -0.624075 4.78448e-17 -0.781364 -0.624075 4.78448e-17 -0.781364 -0.809333 3.59648e-17 -0.58735 -0.809333 3.59648e-17 -0.58735 -0.906316 2.58768e-17 -0.4226 -0.906316 2.58768e-17 -0.4226 -0.959017 1.73502e-17 -0.28335 -0.959017 1.73502e-17 -0.28335 -0.984796 1.06371e-17 -0.173716 -0.984796 1.06371e-17 -0.173716 -0.988932 9.08521e-18 -0.148373 -0.988932 9.08521e-18 -0.148373 -0.000368049 -6.12323e-17 1 -0.000368049 -6.12323e-17 1 -0.000368049 -6.12323e-17 1 -0.000368049 -6.12323e-17 1 -1 0 0 -1 0 0 -1 0 0 -1 0 0 0 -6.12323e-17 1 0 -6.12323e-17 1 0 -6.12323e-17 1 0 -6.12323e-17 1 0.999951 -6.0807e-19 0.00993054 0.981848 1.16139e-17 -0.189669 0.981848 1.16139e-17 -0.189669 0.999951 -6.0807e-19 0.00993054 0.893211 2.75324e-17 -0.449638 0.893211 2.75324e-17 -0.449638 0.829731 3.41777e-17 -0.558164 0.829731 3.41777e-17 -0.558164 0.737402 4.13596e-17 -0.675454 0.737402 4.13596e-17 -0.675454 0.561468 5.06697e-17 -0.827499 0.561468 5.06697e-17 -0.827498 0.230171 5.95883e-17 -0.97315 0.230171 5.95883e-17 -0.97315 0.0030263 6.12321e-17 -0.999995 0.0030263 6.12321e-17 -0.999995 -0.999997 -1.47991e-19 0.00241688 -0.999997 -1.47991e-19 0.00241688 -0.999997 -1.47991e-19 0.00241688 -0.999997 -1.47991e-19 0.00241688 0.0239085 -6.12148e-17 0.999714 0.121735 -6.07769e-17 0.992563 0.121735 -6.07769e-17 0.992563 0.0239085 -6.12148e-17 0.999714 0.402566 -5.60515e-17 0.915391 0.402566 -5.60515e-17 0.915391 0.652321 -4.64106e-17 0.757943 0.652321 -4.64106e-17 0.757943 0.825011 -3.46034e-17 0.565117 0.825011 -3.46034e-17 0.565117 0.954949 -1.8172e-17 0.296771 0.954949 -1.8172e-17 0.296771 0.995218 -5.98128e-18 0.0976817 0.995218 -5.98128e-18 0.0976817 0.999344 -2.21753e-18 0.036215 0.999344 -2.21753e-18 0.036215 0 6.12323e-17 -1 0 6.12323e-17 -1 0 6.12323e-17 -1 0 6.12323e-17 -1 -0.0553007 -6.11386e-17 0.99847 0.0553014 -6.11386e-17 0.99847 0.0553014 -6.11386e-17 0.99847 -0.0553007 -6.11386e-17 0.99847 0.998149 -3.72394e-18 0.0608166 0.999525 1.88771e-18 -0.0308286 0.999525 1.8877e-18 -0.0308286 0.998149 -3.72394e-18 0.0608166 0.0363521 6.11919e-17 -0.999339 -0.0553016 6.11386e-17 -0.99847 -0.0553016 6.11386e-17 -0.99847 0.0363521 6.11919e-17 -0.999339 -0.99847 3.38601e-18 -0.0552977 -0.99847 -3.38622e-18 0.0553012 -0.99847 -3.38622e-18 0.0553012 -0.99847 3.38601e-18 -0.0552978 0.25493 -5.92092e-17 0.96696 0.25493 -5.92092e-17 0.96696 -0.254928 -5.92092e-17 0.96696 -0.254928 -5.92092e-17 0.96696 -0.254929 5.92092e-17 -0.96696 -0.254929 5.92092e-17 -0.96696 0.560628 -5.07045e-17 0.828068 0.560628 -5.07045e-17 0.828068 0.828067 -3.43286e-17 0.560629 0.828067 -3.43286e-17 0.560629 0.966959 -1.561e-17 0.254931 0.966959 -1.561e-17 0.254931 -0.56063 -5.07045e-17 0.828067 -0.56063 -5.07045e-17 0.828067 -0.828067 -3.43286e-17 0.560629 -0.828067 -3.43286e-17 0.560629 -0.966959 -1.56102e-17 0.254933 -0.966959 -1.56102e-17 0.254933 -0.560629 5.07045e-17 -0.828067 -0.560629 5.07045e-17 -0.828067 -0.828067 3.43287e-17 -0.56063 -0.560629 5.07045e-17 -0.828067 -0.560629 5.07045e-17 -0.828067 -0.828067 3.43287e-17 -0.56063 -0.96696 1.56099e-17 -0.25493 -0.96696 1.56099e-17 -0.25493 0.732343 4.16953e-17 -0.680936 0.680936 4.48431e-17 -0.732343 0.680936 4.48431e-17 -0.732343 0.732343 4.16953e-17 -0.680936 0.988679 9.18763e-18 -0.150045 0.988679 9.18763e-18 -0.150045 0.593006 4.93042e-17 -0.805198 0.593006 4.93042e-17 -0.805198 0.952149 1.87148e-17 -0.305636 0.952149 1.87148e-17 -0.305636 0.889387 2.79926e-17 -0.457154 0.889387 2.79926e-17 -0.457154 0.8052 3.6311e-17 -0.593004 0.8052 3.6311e-17 -0.593004 0.457158 5.44592e-17 -0.889386 0.457158 5.44592e-17 -0.889386 0.305631 5.83024e-17 -0.95215 0.305631 5.83024e-17 -0.95215 0.150041 6.05392e-17 -0.98868 0.150041 6.05392e-17 -0.98868 -0.993884 -6.76165e-18 0.110426 -0.993884 -6.76165e-18 0.110426 -0.993884 -6.76165e-18 0.110426 -0.993884 -6.76165e-18 0.110426 -1 0 0 -1 0 0 -1 0 0 -1 0 0 -1 0 0 -1 0 0 -1 0 0 -1 0 0 </float_array>
          <technique_common>
            <accessor count="542" offset="0" source="#meshId3-normals-array" stride="3">
              <param name="X" type="float" />
              <param name="Y" type="float" />
              <param name="Z" type="float" />
            </accessor>
          </technique_common>
        </source>
        <source id="meshId3-tangents" name="meshId3-tangents">
          <float_array id="meshId3-tangents-array" count="1626"> -0.96696 1.0532e-24 -0.254929 -0.96696 5.266e-25 -0.254929 -0.99847 1.22517e-23 -0.0553003 -0.99847 1.04003e-23 -0.0553003 -1 0 0 -0.995563 -4.4761e-24 -0.0940999 -0.995563 -2.3697e-24 -0.0941 -1 0 0 -1 0 0 -1 0 0 -1 0 0 -1 0 0 -0.0714074 -0.928428 -0.364585 -0.036148 -0.982156 -0.184561 -0.00113158 -0.999723 0.0234938 -0.000543556 -0.999936 0.0112852 -0.660819 0.570391 -0.487824 -0.643375 0.600412 -0.474947 -0.396528 0.784134 -0.477387 -0.433411 0.734771 -0.521792 -0.311216 0.788233 0.530881 -0.189152 0.870957 0.453493 -0.176573 0.8886 0.423334 -0.285042 0.826032 0.486232 -0.165321 0.909689 -0.380965 -0.152586 0.923624 -0.35162 -0.0553003 1.93361e-24 -0.99847 -0.0553003 1.79373e-24 -0.99847 -0.254929 6.51667e-24 -0.96696 -0.254929 6.18754e-24 -0.96696 -0.828068 -4.4761e-24 0.560628 -0.828068 -6.31919e-24 0.560628 -0.560629 8.68889e-24 0.828067 -0.560629 9.08384e-24 0.828067 -0.254929 -6.5825e-25 0.96696 -0.254929 0 0.96696 -0.987023 0.112036 -0.115037 -0.985874 0.121863 -0.114903 -0.872641 0.346176 -0.344472 -0.888121 0.297207 -0.350583 -0.828067 1.73778e-23 -0.560629 -0.560629 3.23859e-23 -0.828067 -0.560629 3.27808e-23 -0.828067 -0.828067 1.56663e-23 -0.560629 -0.254929 -9.08384e-24 -0.96696 -0.0553002 -2.79756e-24 -0.99847 -0.0553002 -2.66591e-24 -0.99847 -0.254929 -9.21549e-24 -0.96696 0 0 -1 0 0 -1 6.80735e-07 -2.83751e-29 -1 6.80735e-07 -2.83751e-29 -1 -1.54789e-07 -1.46711e-30 -1 0 0 -1 0 0 -1 -1.54789e-07 -1.46711e-30 -1 0.0553002 -1.87543e-19 -0.99847 0.0553002 -1.87543e-19 -0.99847 5.25946e-07 -1.6938e-29 -1 5.25946e-07 -1.6938e-29 -1 -0.995563 -3.81784e-24 0.0940999 -0.995563 1.0532e-24 0.0940999 -0.92388 2.8963e-23 -0.382683 -0.92388 2.84364e-23 -0.382683 -0.770508 4.2128e-24 -0.63743 -0.770508 7.37239e-24 -0.63743 -0.828068 -3.31758e-23 -0.560628 -0.828068 -2.94896e-23 -0.560628 -0.828067 -1.73778e-23 0.560629 -0.96696 1.34283e-23 0.25493 -0.96696 1.36916e-23 0.25493 -0.828067 -1.73778e-23 0.560629 0 0.999969 -0.00786814 -0.0206821 0.986303 -0.16364 -0.0259148 0.97841 -0.205041 0 0.999996 0.00298293 -0.00385138 0.997667 0.0681523 -0.00604616 0.994242 0.10699 -0.99887 -0.0218236 -0.0422186 -0.973574 0.126341 0.190243 -0.963306 0.191333 0.188236 -0.998749 -0.0268081 -0.0422135 -0.99847 -1.00054e-23 0.0553003 -0.99847 -1.11902e-23 0.0553003 -0.96696 -1.5798e-24 0.254929 -0.96696 -5.266e-25 0.254929 -1.77762e-06 4.2907e-29 -1 -1.77762e-06 4.29069e-29 -1 -1.77762e-06 4.29069e-29 -1 -1.77762e-06 4.29069e-29 -1 -0.999983 -0.00577159 -3.53408e-19 -0.999978 -0.00656344 -4.01895e-19 -0.999979 -0.00648291 -3.96964e-19 -0.999984 -0.00569106 -3.48477e-19 -0.99847 -7.76734e-24 0.0553001 -0.99847 -7.76734e-24 0.0553002 -0.707107 0 -0.707107 -0.707107 0 -0.707107 -0.770508 1.35929e-23 -0.63743 -0.770508 1.63246e-23 -0.63743 -0.707107 0 0.707107 -0.770508 -1.63246e-23 0.63743 -0.770508 -1.35599e-23 0.63743 -0.707107 0 0.707107 -0.707107 -3.22594e-23 -0.707106 -0.707107 -3.22594e-23 -0.707107 -0.764482 -1.90001e-06 0.644645 -0.816358 -6.70385e-23 0.577546 -0.816358 -5.40027e-07 0.577546 -0.816358 -6.70385e-23 0.577546 -0.764482 -1.90001e-06 0.644645 1.54789e-07 -2.72145e-31 -1 1.54789e-07 -2.72145e-31 -1 -0.254929 4.93687e-24 0.96696 -0.560629 -4.44977e-23 0.828067 -0.560629 -4.29179e-23 0.828067 -0.254929 5.266e-24 0.96696 -0.965784 -0.177894 -0.18872 -0.977545 -0.0889836 -0.191018 -0.997151 0.0441094 0.0611842 -0.996767 0.0521048 0.0611606 0.0553003 -1.87543e-19 -0.99847 0.0553003 -1.87543e-19 -0.99847 -0.0553002 -1.87537e-19 0.99847 -0.0553002 -1.87537e-19 0.99847 -0.977258 0.0934626 -0.190343 -0.998554 -0.0253005 0.047432 -0.998396 -0.0309225 0.0474244 -0.966115 0.176671 -0.188173 -0.974375 -0.120727 0.189782 -0.964885 -0.183517 0.187933 -0.267821 -0.819132 0.507243 -0.137238 -0.909749 0.39182 -0.138982 -0.907322 0.396801 -0.255864 -0.836481 0.484596 -0.96696 -1.18485e-23 -0.25493 -0.96696 -1.44815e-23 -0.25493 -0.995563 4.65711e-24 -0.0940999 -0.92388 1.89576e-23 -0.382683 -0.92388 1.68512e-23 -0.382683 -0.995563 0 -0.0941 -1 4.14859e-06 2.54028e-22 -1 0 0 -1 3.83505e-07 2.34829e-23 -1 0 0 -1 5.90712e-06 3.61707e-22 -0.560629 -2.12615e-23 -0.828067 -0.560629 -2.13273e-23 -0.828067 3.70368e-07 5.28324e-30 -1 3.70368e-07 5.28325e-30 -1 5.25157e-07 6.56798e-30 -1 5.25157e-07 6.56797e-30 -1 -0.999998 -0.00173252 -1.06086e-19 -0.999999 -0.0016911 -1.0355e-19 -0.999998 -0.00209872 -1.28509e-19 -0.999998 -0.00214014 -1.31046e-19 -0.7401 0.47784 0.473202 -0.705818 0.546044 0.451283 -0.834763 0.396734 0.381802 -0.858583 0.329582 0.392697 -0.0553003 -1.87547e-19 0.99847 -0.0553002 -1.87547e-19 0.99847 -0.811774 -0.402494 0.423109 -0.771592 -0.492859 0.402165 -0.894591 -0.323151 0.308677 -0.916961 -0.243058 0.316395 -0.99847 9.87374e-24 -0.0553002 -0.99847 7.63569e-24 -0.0553002 -0.707107 3.22594e-23 0.707107 -0.707107 3.22594e-23 0.707106 -0.92388 -1.68512e-23 0.382683 -0.92388 -1.89576e-23 0.382683 -0.851613 -0.35221 -0.388206 -0.92429 -0.257708 -0.281558 -0.914834 -0.292263 -0.278677 -0.823761 -0.424746 -0.37551 -0.372537 -0.755183 -0.539365 -0.325685 -0.819504 -0.471532 -0.207635 -0.878894 -0.429457 -0.244517 -0.827308 -0.50574 -0.00394459 -0.998116 -0.0612292 -0.00169136 -0.999654 -0.0262539 -0.0546872 -0.958669 0.279217 -0.0599444 -0.950123 0.306059 0 -0.932585 -0.360951 0 -0.928237 -0.371989 0 -0.928425 0.37152 0 -0.923952 0.382508 -0.978298 2.41011e-23 0.207201 -0.978298 2.41011e-23 0.207201 -0.99456 1.29017e-23 0.104167 -0.99456 1.06307e-23 0.104167 -0.112906 -0.8401 -0.530551 -0.0759986 -0.930961 -0.357122 0 -0.879299 -0.47627 0 -0.86176 -0.507317 -0.101926 0.871903 0.478954 -0.104704 0.864272 0.492008 0 0.864113 0.503298 0 0.838721 0.544562 -0.117729 0.82829 -0.547791 -0.083093 0.918484 -0.38663 0 0.872604 -0.488429 0 0.854283 -0.519809 -0.106467 -0.862123 0.495388 -0.108791 -0.855524 0.506204 0 -0.859562 0.511032 0 -0.830407 0.557157 -0.91395 -0.356954 -0.193079 -0.952501 -0.228586 -0.201223 -0.986104 -0.166131 2.59196e-07 -0.988224 -0.153014 2.59753e-07 -0.942844 -0.267153 0.199183 -0.924803 -0.32645 0.195372 -0.906055 -0.42316 -2.59111e-17 -0.865845 -0.500313 -3.06353e-17 -0.0242628 -0.985681 0.166864 -0.0695048 -0.956533 0.283221 -0.0597699 -0.968044 0.243553 -0.0148523 -0.994659 0.102145 -0.987249 -0.0975616 -0.125784 -0.96082 -0.185434 -0.206005 -0.966065 -0.154325 -0.20713 -0.988546 -0.0831478 -0.125949 -0.0371535 0.975402 0.217282 -0.0937867 0.941602 0.323402 -0.0859143 0.951236 0.296256 -0.0285193 0.98558 0.166787 0.56607 0.0128528 0.824257 0.836492 0.0128956 0.547828 0.836492 0.0128956 0.547828 -0.509286 -0.793336 -0.333537 -0.320985 -0.823721 -0.467388 -0.425884 -0.658831 -0.620132 -0.410003 0.68955 0.597008 -0.717282 0.514622 0.469756 -0.806527 0.265547 0.528203 0.836513 0.0107044 -0.547842 0.566084 0.0106689 -0.824278 0.566084 0.0106689 -0.824278 -0.390602 -0.880877 -0.267369 -0.227431 -0.910104 -0.34639 -0.386495 -0.710006 -0.588653 0.544577 -0.124491 0.82942 0.818812 -0.124126 0.560482 0.818812 -0.124126 0.560482 -0.913923 0.284859 0.289138 -0.969743 0.16457 0.180318 -0.973573 0.139226 0.18103 -0.924785 0.243254 0.292575 -0.428073 0.738202 0.521356 -0.577098 0.635913 0.512418 -0.606827 0.584328 0.538815 -0.451144 0.703257 0.549453 -0.949416 -0.214173 0.229648 -0.983797 -0.110679 0.141043 -0.985599 -0.0928876 0.141301 -0.956263 -0.17905 0.231304 0.567522 -0.0350249 0.822613 0.836935 -0.0351567 0.546172 0.836935 -0.0351567 0.546172 -0.528031 0.776172 -0.344586 -0.33472 0.807818 -0.485172 -0.428155 0.656913 -0.620603 -0.4138 -0.684846 0.599796 -0.721609 -0.507466 0.470912 -0.808243 -0.261805 0.527448 0.837253 0.0218597 -0.546379 0.567735 0.0217779 -0.822923 0.567735 0.0217779 -0.822923 -0.430358 -0.734774 0.524309 -0.614357 -0.611342 0.498826 -0.654315 -0.538168 0.53127 -0.462154 -0.685124 0.563045 -0.668515 -0.580793 -0.464507 -0.491503 -0.717981 -0.492878 -0.576462 -0.577513 -0.578075 -0.734472 -0.447333 -0.510336 -0.0884901 -0.960031 -0.265536 -0.02527 -0.991284 -0.129299 -0.0540805 -0.959429 -0.276714 -0.138919 -0.898292 -0.41686 0.811019 -0.184555 -0.555146 0.539365 -0.185088 -0.821479 0.539365 -0.185088 -0.821479 -0.345034 -0.777687 0.525504 -0.640524 -0.630475 0.438441 -0.76736 -0.367777 0.525261 -0.314882 0.831039 0.458501 -0.338192 0.801951 0.492443 -0.673672 -0.577514 -0.461133 -0.770965 -0.356531 -0.52773 -0.322404 -0.823207 0.467318 -0.34483 -0.794523 0.499826 -0.809507 -0.252256 -0.530155 -0.756362 -0.427254 -0.495349 -0.811029 0.249218 -0.529266 -0.762209 0.414276 -0.497407 -0.226334 -0.911012 0.344717 -0.234138 -0.904441 0.356604 0.96696 8.88637e-23 0.254928 0.96696 8.63623e-23 0.254928 0.99847 8.03267e-14 0.0553006 0.99847 -4.83155e-23 0.0553005 0.560629 1.59955e-23 -0.828067 0.560629 1.55347e-23 -0.828067 0.254929 9.21549e-25 -0.96696 0.254929 -2.633e-25 -0.96696 -0.828067 1.38496e-22 0.560629 -0.828067 1.38232e-22 0.560629 -0.560629 -5.0027e-24 0.828067 -0.560629 -2.633e-24 0.828067 -0.25493 -7.3329e-23 0.96696 -0.25493 -7.26049e-23 0.96696 -0.889386 5.98019e-23 -0.457158 -0.805198 8.6099e-23 -0.593006 -0.805198 9.01802e-23 -0.593006 -0.889386 6.31919e-23 -0.457158 -0.98868 2.1064e-23 -0.150041 -0.95215 3.37024e-23 -0.305631 -0.95215 3.52822e-23 -0.305631 -0.98868 1.97475e-23 -0.150041 1 1.54748e-14 5.18411e-08 1 5.75992e-18 1.20448e-09 0.99847 1.06636e-23 -0.0553004 1 0 0 1 0 0 0.99847 1.04003e-23 -0.0553004 0.96696 3.87051e-23 -0.254929 0.96696 4.08115e-23 -0.254929 0.560629 -1.09269e-23 0.828067 0.560629 -8.68889e-24 0.828067 0.828067 1.31913e-22 0.56063 0.828067 1.29543e-22 0.56063 0.393925 -2.30035e-23 0.919143 0.393925 -2.30035e-23 0.919143 0.828067 -4.37078e-23 -0.560629 0.828067 -4.52876e-23 -0.560629 -0.96696 8.66256e-23 0.254928 -0.96696 8.63623e-23 0.254928 -0.0363499 -7.38885e-24 -0.999339 1 0 0 0.0553005 2.19719e-10 -0.99847 -0.0363499 3.97286e-11 -0.999339 0.0553005 -6.38502e-24 -0.99847 0 2.01254e-09 -1 -0.99847 -3.80468e-23 0.0553016 1 0 0 -0.999339 -2.89631e-24 -0.0363522 -0.99847 -3.56771e-23 0.0553016 -0.999339 1.3165e-25 -0.0363521 -1 0 0 -0.110426 -5.24941e-23 0.993884 -0.110426 -5.24941e-23 0.993884 -0.150041 1.95829e-23 -0.98868 -0.150041 1.96487e-23 -0.98868 -0.730873 2.88313e-23 -0.682514 -0.730873 2.88313e-23 -0.682514 -0.305632 -1.53968e-18 -0.95215 -0.305632 -1.53967e-18 -0.95215 -0.457157 -3.55455e-23 -0.889386 -0.305632 1.5397e-18 -0.95215 -0.305632 1.5397e-18 -0.95215 -0.457157 -3.54796e-23 -0.889386 -0.620194 1.24278e-22 -0.784449 -0.620194 1.25676e-22 -0.784449 -0.565181 0.169091 0.807452 -0.551622 -0.273213 0.788079 -0.573086 -0.0350627 0.818745 -0.551621 0.273213 0.788079 0.979382 -0.0456771 -0.196786 0.948465 0.25317 -0.190574 0.967261 0.163196 -0.194351 0.948465 -0.25317 -0.190574 -0.24368 -3.62729e-07 -0.969856 -0.300268 -2.46476e-07 -0.953855 -0.300268 -1.53987e-08 -0.953855 -0.24368 9.84199e-08 -0.969856 -0.395797 2.32197e-23 -0.918338 -0.395797 2.32691e-23 -0.918338 -0.522772 1.80946e-07 -0.852472 -0.522772 -4.91246e-08 -0.852472 -0.641308 2.58581e-07 -0.767284 -0.641308 3.64669e-08 -0.767284 -0.704004 -4.16936e-09 -0.710196 -0.704005 6.12372e-08 -0.710195 -0.752903 -2.97462e-08 -0.658131 -0.752903 -2.12586e-08 -0.658131 -0.778545 -3.55084e-23 -0.627589 -0.778545 -5.00525e-08 -0.627589 -0.835564 -5.13435e-23 -0.549394 -0.835564 -5.13435e-23 -0.549394 -0.88139 -1.10981e-22 -0.47239 -0.88139 -1.10981e-22 -0.47239 0 -0.0353379 0.999375 0 0.27273 0.96209 0 0.16896 0.985623 0 -0.27273 0.96209 1 -6.75414e-25 -9.82278e-05 0.989985 3.21226e-23 -0.141173 0.989985 3.23859e-23 -0.141173 1 -6.7586e-25 -9.82278e-05 0.917615 -2.0669e-23 -0.397471 0.917615 -2.23805e-23 -0.397471 0.781364 -5.87158e-23 -0.624075 0.781364 -5.79259e-23 -0.624075 0.58735 8.46509e-23 -0.809333 0.58735 8.47825e-23 -0.809333 0.4226 5.34499e-23 -0.906316 0.4226 5.35157e-23 -0.906316 0.28335 -3.61543e-23 -0.959017 0.28335 -3.60721e-23 -0.959017 0.173716 -2.30675e-23 -0.984796 0.173716 -2.3228e-23 -0.984796 0.148373 -1.15073e-23 -0.988931 0.148373 -1.13719e-23 -0.988932 -0.987864 0.155323 -0.000363582 -0.973156 -0.230145 -0.000358169 -0.998446 -0.0557224 -0.000367477 -0.973156 0.230145 -0.000358169 0 0.168129 -0.985765 0 -0.269728 -0.962937 0 -0.0370303 -0.999314 0 0.269728 -0.962937 -0.999115 -0.042055 -2.57512e-18 -0.965506 0.260381 1.59437e-17 -0.986224 0.165418 1.01289e-17 -0.965506 -0.260381 -1.59437e-17 -0.00993054 1.87109e-24 0.999951 0.189669 1.9188e-23 0.981848 0.189669 1.94842e-23 0.981848 -0.00993054 1.87165e-24 0.999951 0.449638 7.36252e-23 0.893211 0.449638 7.37239e-23 0.893211 0.558164 -1.32308e-23 0.829731 0.558164 -1.21118e-23 0.829731 0.675454 -2.25121e-23 0.737402 0.675454 -2.23805e-23 0.737402 0.827499 -3.3834e-23 0.561468 0.827499 -3.44923e-23 0.561468 0.97315 -3.6862e-24 0.230171 0.97315 0 0.230171 0.999995 -3.74951e-24 0.0030263 0.999995 -3.74951e-24 0.0030263 -0.0024152 -0.0373294 -0.9993 -0.00232767 0.26919 -0.963084 -0.00238254 0.167978 -0.985788 -0.00232767 -0.26919 -0.963084 -0.999714 3.28415e-08 0.0239085 -0.992562 -2.96743e-08 0.121735 -0.992563 -7.34275e-08 0.121735 -0.999714 4.37704e-08 0.0239084 -0.915391 4.08847e-08 0.402566 -0.915391 7.46525e-08 0.402566 -0.757943 1.06702e-22 0.652321 -0.757943 8.24599e-08 0.652321 -0.565117 -4.03653e-08 0.825011 -0.565117 -1.16239e-07 0.825011 -0.296771 2.93014e-08 0.954949 -0.296771 -9.77256e-10 0.954949 -0.0976817 -2.40785e-08 0.995218 -0.0976817 2.71681e-09 0.995218 -0.036215 -1.62741e-24 0.999344 -0.036215 -3.5867e-08 0.999344 0.986234 0.165354 1.0125e-17 0.965563 -0.260169 -1.59308e-17 0.999111 -0.0421646 -2.58184e-18 0.965563 0.260169 1.59308e-17 -0.99847 1.18485e-24 -0.0553007 -0.99847 1.955e-23 0.0553014 -0.99847 1.92209e-23 0.0553014 -0.99847 4.08115e-24 -0.0553007 -0.0608166 -8.47496e-25 0.998149 0.0308286 -5.18166e-24 0.999525 0.0308286 -5.16314e-24 0.999525 -0.0608166 -7.48759e-25 0.998149 0.999339 1.35599e-23 0.0363521 0.99847 1.40865e-23 -0.0553016 0.99847 1.5798e-23 -0.0553016 0.999339 1.41524e-23 0.0363521 0.0552977 1.29017e-23 -0.99847 -0.0553012 1.35764e-24 -0.99847 -0.0553012 1.39055e-24 -0.99847 0.0552978 1.27865e-23 -0.99847 -0.96696 -3.44923e-23 0.25493 -0.96696 -3.52822e-23 0.25493 -0.96696 -8.3466e-23 -0.254928 -0.96696 -8.32027e-23 -0.254928 0.96696 -5.10802e-23 -0.254929 0.96696 -5.37131e-23 -0.254929 -0.828068 2.84364e-23 0.560628 -0.828068 2.81731e-23 0.560628 -0.560629 1.50081e-23 0.828067 -0.560629 1.44815e-23 0.828067 -0.254931 -1.82993e-23 0.966959 -0.254931 -1.88918e-23 0.966959 -0.828067 -1.23751e-22 -0.56063 -0.828066 -1.20065e-22 -0.56063 -0.560629 -1.73778e-23 -0.828067 -0.560629 -1.59296e-23 -0.828067 -0.254933 1.14535e-23 -0.966959 -0.254933 1.15194e-23 -0.966959 0.828067 9.76489e-18 -0.560629 0.828067 9.76489e-18 -0.560629 0.56063 -1.36916e-23 -0.828067 0.828067 -9.7651e-18 -0.560629 0.828067 -9.7651e-18 -0.560629 0.56063 -1.35599e-23 -0.828067 0.254929 7.25391e-23 -0.96696 0.25493 7.24733e-23 -0.96696 0.680936 -9.41296e-23 0.732343 0.732343 -2.73832e-23 0.680936 0.732343 -2.94237e-23 0.680936 0.680936 -9.35208e-23 0.732343 0.150045 -1.04991e-23 0.988679 0.150045 -1.05978e-23 0.988679 0.805198 -2.80809e-22 0.593006 0.805198 -2.83969e-22 0.593006 0.305636 -5.08169e-23 0.952149 0.305636 -5.0751e-23 0.952149 0.457154 7.21441e-23 0.889387 0.457154 7.21441e-23 0.889387 0.593004 1.564e-22 0.8052 0.593004 1.57519e-22 0.8052 0.889386 -2.11166e-22 0.457158 0.889386 -2.14063e-22 0.457158 0.95215 8.0833e-23 0.305631 0.95215 8.43876e-23 0.305631 0.98868 4.10748e-23 0.150041 0.98868 4.09431e-23 0.150041 0.110426 -5.35521e-23 0.993884 0.110426 -5.35521e-23 0.993884 0.110426 -5.35521e-23 0.993884 0.110426 -5.35521e-23 0.993884 0 0 1 0 0 1 0 -6.67348e-09 1 0 -6.41561e-09 1 0 3.53319e-08 1 0 2.84888e-08 1 0 1.4202e-08 1 0 0 1 </float_array>
          <technique_common>
            <accessor count="542" offset="0" source="#meshId3-tangents-array" stride="3">
              <param name="X" type="float" />
              <param name="Y" type="float" />
              <param name="Z" type="float" />
            </accessor>
          </technique_common>
        </source>
        <source id="meshId3-bitangents" name="meshId3-bitangents">
          <float_array id="meshId3-bitangents-array" count="1626"> -1.50941e-17 1 5.72529e-17 -1.50942e-17 1 5.72529e-17 -3.38097e-18 1 6.10451e-17 -3.38098e-18 1 6.10451e-17 0 1 6.12323e-17 -5.7364e-18 1 6.06901e-17 -5.7364e-18 1 6.06901e-17 0 1 6.12323e-17 0 1 6.12323e-17 0 1 6.12323e-17 0 1 6.12323e-17 0 1 6.12323e-17 -0.178451 0.371513 -0.911117 -0.188777 0.188068 -0.963843 0.0480963 -0.023521 -0.998566 0.0481065 -0.0112983 -0.998778 -0.458897 -0.821373 -0.338763 -0.483049 -0.799691 -0.356592 -0.501025 -0.620591 -0.603193 -0.469483 -0.678316 -0.56522 0.398634 0.615378 -0.680001 0.335281 0.49136 -0.803836 0.342073 0.458682 -0.82012 0.41775 0.563623 -0.712611 -0.362134 -0.41529 -0.834502 -0.367681 -0.3833 -0.847285 -3.38098e-18 1 1.87258e-19 -3.38099e-18 1 1.87258e-19 -1.50941e-17 1 3.97942e-18 -1.50941e-17 1 3.97942e-18 2.84264e-17 1 4.19868e-17 2.84264e-17 1 4.19868e-17 2.84264e-17 1 1.92456e-17 2.84264e-17 1 1.92456e-17 1.50941e-17 1 3.97941e-18 1.50941e-17 1 3.97941e-18 -0.111283 -0.993704 -0.0129699 -0.121044 -0.992547 -0.0141076 -0.321996 -0.93817 -0.127107 -0.276448 -0.954813 -0.109127 -2.84264e-17 1 4.19867e-17 -2.84264e-17 1 1.92457e-17 -2.84264e-17 1 1.92457e-17 -2.84264e-17 1 4.19867e-17 -1.50942e-17 1 3.97942e-18 -3.38098e-18 1 1.87253e-19 -3.38098e-18 1 1.87253e-19 -1.50942e-17 1 3.97942e-18 0 1 0 0 1 0 4.1683e-23 1 -0 4.1683e-23 1 -0 -9.4781e-24 1 -0 0 1 0 0 1 0 -9.4781e-24 1 -9.40395e-38 3.39135e-18 1 -1.29247e-26 3.39135e-18 1 -1.29247e-26 3.22049e-23 1 -0 3.22049e-23 1 -0 5.73639e-18 1 6.06901e-17 5.73639e-18 1 6.06901e-17 -2.16489e-17 1 5.22651e-17 -2.16489e-17 1 5.22651e-17 -3.0074e-17 1 3.63526e-17 -3.0074e-17 1 3.63526e-17 -2.84264e-17 1 4.19867e-17 -2.84264e-17 1 4.19867e-17 2.84264e-17 1 4.19867e-17 1.50942e-17 1 5.72529e-17 1.50942e-17 1 5.72529e-17 2.84264e-17 1 4.19867e-17 -0 -0.00786814 -0.999969 -0.123673 -0.164941 -0.978519 -0.122683 -0.206673 -0.970688 0 0.00298293 -0.999996 0.0562897 0.0682611 -0.996078 0.0560965 0.107161 -0.992658 -0.0218041 0.999762 -0.00092158 0.123996 0.991987 -0.0242295 0.187781 0.981525 -0.0366937 -0.0267842 0.999641 -0.00113207 3.38097e-18 1 6.10451e-17 3.38097e-18 1 6.10451e-17 1.50941e-17 1 5.72529e-17 1.50942e-17 1 5.72529e-17 -1.08848e-22 1 2.36396e-28 -1.08848e-22 1 2.36396e-28 -1.08848e-22 1 2.36396e-28 -1.08848e-22 1 2.36396e-28 -0.00577159 0.999983 6.12313e-17 -0.00656344 0.999978 6.1231e-17 -0.00648291 0.999979 6.12311e-17 -0.00569106 0.999984 6.12314e-17 3.38097e-18 1 6.10451e-17 3.38097e-18 1 6.10451e-17 -3.06162e-17 1 3.06162e-17 -3.06162e-17 1 3.06162e-17 -3.0074e-17 1 3.63526e-17 -3.0074e-17 1 3.63526e-17 3.06162e-17 1 3.06162e-17 3.0074e-17 1 3.63526e-17 3.0074e-17 1 3.63526e-17 3.06162e-17 1 3.06162e-17 -3.06162e-17 1 3.06162e-17 -3.06162e-17 1 3.06162e-17 -1.45252e-06 1 1.22483e-06 2.887e-17 1 4.08078e-17 -4.40855e-07 1 3.11891e-07 2.887e-17 1 4.08078e-17 -1.45252e-06 1 1.22483e-06 9.4781e-24 1 1.19496e-30 9.4781e-24 1 1.19496e-30 1.50942e-17 1 3.97942e-18 2.84264e-17 1 1.92457e-17 2.84264e-17 1 1.92457e-17 1.50942e-17 1 3.97942e-18 -0.174592 0.98405 -0.0341163 -0.0873319 0.996033 -0.0170652 0.0440266 0.999027 -0.00270143 0.052007 0.998642 -0.0031911 3.39135e-18 1 -1.29247e-26 3.39135e-18 1 0 3.37061e-18 1 3.74505e-19 3.37061e-18 1 3.74505e-19 -0.0917386 -0.995623 -0.0178682 0.025272 -0.99968 -0.00120043 0.0308877 -0.999522 -0.00146718 -0.173412 -0.98427 -0.0337761 0.118501 -0.992686 -0.0230807 0.180132 -0.983016 -0.0350849 0.38246 -0.573606 -0.724363 0.300732 -0.415159 -0.858605 0.29993 -0.420437 -0.856315 0.39056 -0.547996 -0.739705 -1.50942e-17 1 5.72529e-17 -1.50942e-17 1 5.72529e-17 -5.73639e-18 1 6.06901e-17 -2.16489e-17 1 5.22651e-17 -2.16489e-17 1 5.22651e-17 -5.73639e-18 1 6.06901e-17 4.14859e-06 1 6.12323e-17 0 1 6.12323e-17 3.83505e-07 1 6.12323e-17 0 1 6.12323e-17 5.90712e-06 1 6.12323e-17 -2.84264e-17 1 1.92456e-17 -2.84264e-17 1 1.92456e-17 2.26785e-23 1 1.36826e-29 2.26785e-23 1 1.36826e-29 3.21566e-23 1 2.34552e-29 3.21566e-23 1 2.34552e-29 0.00173252 -0.999998 -6.12322e-17 0.0016911 -0.999999 -6.12322e-17 0.00209872 -0.999998 -6.12322e-17 0.00214014 -0.999998 -6.12322e-17 0.402585 0.878447 -0.257403 0.460047 0.837757 -0.294143 0.360787 0.917934 -0.165016 0.29972 0.944127 -0.137085 3.37061e-18 1 3.74516e-19 3.37061e-18 1 3.74515e-19 0.356922 -0.915423 -0.186033 0.437055 -0.870109 -0.2278 0.305477 -0.946348 -0.105404 0.229765 -0.970012 -0.0792799 -3.38097e-18 1 6.10451e-17 -3.38097e-18 1 6.10451e-17 3.06162e-17 1 3.06162e-17 3.06162e-17 1 3.06162e-17 2.16489e-17 1 5.22651e-17 2.16489e-17 1 5.22651e-17 -0.320482 0.935921 -0.146091 -0.246524 0.966223 -0.0750964 -0.279579 0.956338 -0.0851657 -0.386484 0.905313 -0.176178 -0.42918 0.655514 -0.621375 -0.465734 0.573074 -0.674298 -0.382563 0.477017 -0.791265 -0.360108 0.561749 -0.744822 -0.064169 0.0613562 -0.996051 -0.0642678 0.0263083 -0.997586 0.184263 -0.284522 -0.940794 0.182621 -0.311874 -0.932408 0 0.360951 -0.932585 0 0.371989 -0.928237 0 -0.37152 -0.928425 0 -0.382508 -0.923952 1.24121e-17 1 5.86035e-17 1.24121e-17 1 5.86035e-17 6.34373e-18 1 6.05679e-17 6.34373e-18 1 6.05679e-17 -0.174865 0.542432 -0.821699 -0.193777 0.365119 -0.910571 0 0.47627 -0.879299 0 0.507317 -0.86176 0.181485 0.48968 -0.852806 0.179896 0.503026 -0.845342 0 0.503298 -0.864113 0 0.544562 -0.838721 -0.174039 -0.560299 -0.8098 -0.19299 -0.395458 -0.89798 -0 -0.488429 -0.872604 -0 -0.519809 -0.854283 0.181148 -0.5067 -0.842876 0.179761 -0.517763 -0.836425 0 -0.511032 -0.859562 0 -0.557157 -0.830407 -0.349246 0.934122 -0.0737809 -0.22365 0.973524 -0.0472477 -0.166131 0.986104 4.36672e-08 -0.153014 0.988224 4.02195e-08 0.261384 -0.963654 -0.0552195 0.3194 -0.945215 -0.0674759 0.42316 -0.906055 -5.54799e-17 0.500313 -0.865845 -5.30177e-17 0.141831 -0.168619 -0.975424 0.227976 -0.291625 -0.928968 0.23072 -0.25078 -0.940148 0.143123 -0.103219 -0.984308 -0.0967793 0.99523 -0.0123305 -0.181313 0.982657 -0.0388746 -0.150895 0.98802 -0.0323528 -0.082481 0.996537 -0.0105088 0.1644 0.220436 -0.961447 0.262259 0.336727 -0.904342 0.264943 0.308462 -0.913595 0.166116 0.169208 -0.971481 -0.00727615 0.999917 -0.0105948 -0.0107879 0.999917 -0.00706513 -0.0107879 0.999917 -0.00706513 -0.663674 0.608785 -0.434647 -0.466322 0.566995 -0.679014 -0.372975 0.752291 -0.543091 0.390365 0.724238 -0.568413 0.430513 0.857417 -0.281947 0.222147 0.964098 -0.145486 -0.00895488 0.999943 0.00586465 -0.00603982 0.999943 0.00879461 -0.00603982 0.999943 0.00879461 -0.726894 0.473346 -0.497563 -0.499507 0.414381 -0.760777 -0.389685 0.704195 -0.593511 0.0683264 0.992221 0.104065 0.102428 0.992266 0.0701125 0.102428 0.992267 0.0701125 0.271591 0.958569 -0.0859234 0.161796 0.986365 -0.0300851 0.13688 0.990261 -0.0254519 0.231924 0.969963 -0.073374 0.468446 0.67458 -0.570526 0.475516 0.77176 -0.422221 0.436942 0.811517 -0.38797 0.446271 0.710936 -0.543519 0.20817 -0.976796 -0.050353 0.109559 -0.993856 -0.015707 0.0919474 -0.995677 -0.0131821 0.174032 -0.98384 -0.0420954 -0.0198896 -0.999387 -0.0288297 -0.0294421 -0.999382 -0.0192135 -0.0294421 -0.999382 -0.0192135 -0.650008 -0.630521 -0.424186 -0.458736 -0.589431 -0.66493 -0.373041 -0.753966 -0.540717 0.388904 -0.728688 -0.563709 0.424979 -0.861672 -0.277335 0.219249 -0.965121 -0.143079 0.0183065 -0.999761 -0.0119465 0.012367 -0.999763 -0.0179258 0.012367 -0.999763 -0.0179258 0.466181 -0.678312 -0.567951 0.474599 -0.791367 -0.38535 0.417792 -0.842838 -0.339226 0.43468 -0.728427 -0.529573 -0.476959 0.814051 -0.331407 -0.506979 0.696063 -0.508398 -0.407792 0.816382 -0.408934 -0.367359 0.894367 -0.255254 -0.303521 0.279893 -0.910788 -0.190137 0.131745 -0.972878 -0.184027 0.28195 -0.941615 -0.284002 0.439398 -0.852216 -0.152294 -0.982822 0.104246 -0.101585 -0.982722 0.154719 -0.101585 -0.982722 0.154719 0.426832 -0.628651 -0.650086 0.520264 -0.77621 -0.356123 0.303488 -0.929914 -0.207739 0.470465 0.556214 -0.685046 0.453998 0.597389 -0.661069 -0.476561 0.816381 -0.326209 -0.294207 0.934284 -0.201386 0.467475 -0.567742 -0.677597 0.451186 -0.607234 -0.653986 -0.211027 0.967661 -0.138204 -0.357424 0.904132 -0.234081 -0.208708 -0.968448 -0.1362 -0.346936 -0.910151 -0.226406 0.500007 -0.41238 -0.761535 0.4964 -0.4266 -0.756042 -1.50942e-17 1 5.72529e-17 -1.50942e-17 1 5.72529e-17 5.54624e-09 1 -1.00141e-07 -3.38095e-18 1 6.10451e-17 2.84264e-17 1 1.92456e-17 2.84264e-17 1 1.92456e-17 1.50942e-17 1 3.97943e-18 1.50942e-17 1 3.97943e-18 2.84265e-17 1 4.19866e-17 2.84265e-17 1 4.19866e-17 2.84264e-17 1 1.92456e-17 2.84264e-17 1 1.92456e-17 1.50942e-17 1 3.9795e-18 1.50942e-17 1 3.9795e-18 -2.48964e-17 1 4.84352e-17 -2.92376e-17 1 3.96997e-17 -2.92376e-17 1 3.96997e-17 -2.48964e-17 1 4.84352e-17 -9.08332e-18 1 5.98539e-17 -1.7819e-17 1 5.55126e-17 -1.7819e-17 1 5.55126e-17 -9.08332e-18 1 5.98539e-17 6.79484e-14 1 -1.60921e-06 2.52949e-17 1 -2.57828e-08 3.38098e-18 1 6.10451e-17 -0 0.0429291 -0.999078 -0 0.0429291 -0.999078 3.38098e-18 1 6.10451e-17 1.50941e-17 1 5.72529e-17 1.50941e-17 1 5.72529e-17 -2.84264e-17 1 1.92456e-17 -2.84264e-17 1 1.92456e-17 -2.84265e-17 1 4.19866e-17 -2.84265e-17 1 4.19866e-17 -2.21706e-17 1 9.50187e-18 -2.21706e-17 1 9.50187e-18 2.84264e-17 1 4.19867e-17 2.84264e-17 1 4.19867e-17 1.50942e-17 1 5.72529e-17 1.50942e-17 1 5.72529e-17 -2.22432e-18 1 8.08999e-20 -0 -0 -0 -1.21506e-11 1 2.19383e-10 1.44413e-12 1 3.97023e-11 3.381e-18 1 1.87251e-19 -0 1 2.01254e-09 3.38103e-18 1 6.10451e-17 -0 -0 -0 -2.22446e-18 1 6.11514e-17 3.38103e-18 1 6.10451e-17 -2.22445e-18 1 6.11514e-17 0 1 6.12323e-17 6.72029e-18 1 7.46714e-19 6.72029e-18 1 7.46714e-19 -9.08338e-18 1 1.37851e-18 -9.08338e-18 1 1.37851e-18 -3.05445e-17 1 3.27088e-17 -3.05446e-17 1 3.27088e-17 -1.82896e-17 1 4.25377e-18 -1.82896e-17 1 4.25377e-18 -2.48964e-17 1 1.27971e-17 -1.73485e-17 1 7.18579e-18 -1.73485e-17 1 7.18579e-18 -2.48964e-17 1 1.27971e-17 -2.97901e-17 1 2.35525e-17 -2.97901e-17 1 2.35525e-17 -0.0969636 -0.9856 0.138528 0.156671 -0.961954 -0.223829 0.0201063 -0.999385 -0.0287251 -0.156671 -0.961954 0.223829 -0.044782 -0.998956 0.00899802 0.248209 -0.967422 -0.0498725 0.159999 -0.986594 -0.0321484 -0.248209 -0.967422 0.0498725 8.83897e-08 -1 3.51795e-07 7.40088e-08 -1 2.35102e-07 4.62373e-09 -1 1.46881e-08 -2.39829e-08 -1 -9.54532e-08 2.22564e-17 -1 -9.59237e-18 2.22564e-17 -1 -9.59237e-18 -9.45937e-08 -1 -1.54252e-07 2.5681e-08 -1 4.18773e-08 -1.6583e-07 -1 -1.98405e-07 -2.33865e-08 -1 -2.79804e-08 2.93525e-09 -1 2.96106e-09 -4.31113e-08 -1 -4.34904e-08 2.2396e-08 -1 1.95769e-08 1.60056e-08 -1 1.39909e-08 2.99185e-17 -1 -3.71149e-17 3.89681e-08 -1 3.14124e-08 2.8109e-17 -1 -4.27503e-17 2.8109e-17 -1 -4.27503e-17 2.54948e-17 -1 -4.75682e-17 2.54948e-17 -1 -4.75682e-17 0 -0.999375 -0.0353379 0 -0.96209 0.27273 0 -0.985623 0.16896 0 -0.96209 -0.27273 -6.01539e-21 -1 -6.12323e-17 -8.55773e-18 -1 -6.0012e-17 -8.55773e-18 -1 -6.0012e-17 -6.01539e-21 -1 -6.12323e-17 -2.2333e-17 -1 -5.15586e-17 -2.2333e-17 -1 -5.15586e-17 -2.98588e-17 -1 -3.73842e-17 -2.98588e-17 -1 -3.73842e-17 -2.91075e-17 -1 -2.1124e-17 -2.91075e-17 -1 -2.1124e-17 -2.34526e-17 -1 -1.09356e-17 -2.34525e-17 -1 -1.09356e-17 -1.66391e-17 -1 -4.91615e-18 -1.66391e-17 -1 -4.91615e-18 -1.04753e-17 -1 -1.84781e-18 -1.04753e-17 -1 -1.84781e-18 -8.98465e-18 -1 -1.34799e-18 -8.98465e-18 -1 -1.34799e-18 -0.155323 -0.987864 -5.71663e-05 0.230145 -0.973156 8.47045e-05 0.0557224 -0.998446 2.05086e-05 -0.230145 -0.973156 -8.47045e-05 -0 -0.985765 -0.168129 0 -0.962937 0.269728 0 -0.999314 0.0370303 -0 -0.962937 -0.269728 0.042055 -0.999115 -6.11782e-17 -0.260381 -0.965506 -5.91202e-17 -0.165418 -0.986224 -6.03888e-17 0.260381 -0.965506 -5.91202e-17 -6.0804e-19 -1 -6.03659e-21 1.14031e-17 -1 -2.20277e-18 1.14031e-17 -1 -2.20277e-18 -6.0804e-19 -1 -6.03659e-21 2.45923e-17 -1 -1.23796e-17 2.45923e-17 -1 -1.23796e-17 2.83583e-17 -1 -1.90767e-17 2.83583e-17 -1 -1.90767e-17 3.04987e-17 -1 -2.79366e-17 3.04987e-17 -1 -2.79366e-17 2.84494e-17 -1 -4.19291e-17 2.84494e-17 -1 -4.19291e-17 1.37155e-17 -1 -5.79883e-17 1.37155e-17 -1 -5.79883e-17 1.85303e-19 -1 -6.12318e-17 1.85303e-19 -1 -6.12318e-17 9.02208e-05 -0.999303 0.0373293 -0.000650601 -0.963087 -0.269189 -0.000405982 -0.985791 -0.167977 0.000650601 -0.963087 0.269189 -3.28321e-08 -1 7.85189e-10 2.94536e-08 -1 -3.61242e-09 7.28814e-08 -1 -8.93873e-09 -4.37579e-08 -1 1.04648e-09 -3.74255e-08 -1 1.64588e-08 -6.83362e-08 -1 3.00526e-08 -3.02747e-17 -1 -3.51765e-17 -6.24999e-08 -1 5.37903e-08 2.28111e-08 -1 -3.33018e-08 6.56885e-08 -1 -9.58982e-08 -8.69583e-09 -1 2.79814e-08 2.90022e-10 -1 -9.3323e-10 2.35203e-09 -1 -2.39633e-08 -2.65383e-10 -1 2.70382e-09 -2.21608e-18 -1 -8.03096e-20 1.29893e-09 -1 -3.58435e-08 0.165354 -0.986234 -6.03894e-17 -0.260169 -0.965563 -5.91237e-17 -0.0421646 -0.999111 -6.11779e-17 0.260169 -0.965563 -5.91237e-17 3.38101e-18 -1 -6.10451e-17 -3.38107e-18 -1 -6.10451e-17 -3.38107e-18 -1 -6.10451e-17 3.38101e-18 -1 -6.10451e-17 -3.71705e-18 -1 -2.26478e-19 1.88681e-18 -1 -5.82004e-20 1.88681e-18 -1 -5.82004e-20 -3.71705e-18 -1 -2.26478e-19 2.22447e-18 -1 -6.11514e-17 -3.38105e-18 -1 -6.10451e-17 -3.38105e-18 -1 -6.10451e-17 2.22447e-18 -1 -6.11514e-17 -3.38083e-18 -1 -1.87252e-19 3.38104e-18 -1 -1.87263e-19 3.38104e-18 -1 -1.87263e-19 -3.38083e-18 -1 -1.87252e-19 -1.50942e-17 -1 -5.72529e-17 -1.50942e-17 -1 -5.72529e-17 1.50942e-17 -1 -5.72529e-17 1.50942e-17 -1 -5.72529e-17 -1.50942e-17 -1 -5.72529e-17 -1.50942e-17 -1 -5.72529e-17 -2.84264e-17 -1 -4.19867e-17 -2.84264e-17 -1 -4.19867e-17 -2.84264e-17 -1 -1.92456e-17 -2.84264e-17 -1 -1.92456e-17 -1.50942e-17 -1 -3.97949e-18 -1.50942e-17 -1 -3.97949e-18 2.84265e-17 -1 -4.19866e-17 2.84265e-17 -1 -4.19866e-17 2.84264e-17 -1 -1.92456e-17 2.84264e-17 -1 -1.92456e-17 1.50944e-17 -1 -3.97956e-18 1.50944e-17 -1 -3.97956e-18 -2.03404e-17 -1 -4.74612e-17 -2.03404e-17 -1 -4.74612e-17 -2.84264e-17 -1 -1.92457e-17 -3.65126e-17 -1 -3.65121e-17 -3.65126e-17 -1 -3.65121e-17 -2.84264e-17 -1 -1.92457e-17 -1.50942e-17 -1 -3.9795e-18 -1.50942e-17 -1 -3.9795e-18 3.05352e-17 -1 -2.83919e-17 3.05352e-17 -1 -3.28405e-17 3.05352e-17 -1 -3.28405e-17 3.05352e-17 -1 -2.83919e-17 9.08362e-18 -1 -1.37857e-18 9.08362e-18 -1 -1.37857e-18 2.92374e-17 -1 -3.96998e-17 2.92374e-17 -1 -3.96998e-17 1.78192e-17 -1 -5.71995e-18 1.78192e-17 -1 -5.71995e-18 2.48963e-17 -1 -1.27969e-17 2.48963e-17 -1 -1.27969e-17 2.92377e-17 -1 -2.15325e-17 2.92377e-17 -1 -2.15325e-17 2.48962e-17 -1 -4.84353e-17 2.48962e-17 -1 -4.84353e-17 1.78191e-17 -1 -5.55126e-17 1.78191e-17 -1 -5.55126e-17 9.08338e-18 -1 -5.98539e-17 9.08338e-18 -1 -5.98539e-17 -6.7203e-18 1 7.46717e-19 -6.72029e-18 1 7.46717e-19 -6.7203e-18 1 7.46717e-19 -6.72029e-18 1 7.46717e-19 0 1 -0 0 1 -0 0 1 6.67348e-09 0 1 6.41561e-09 0 1 -3.53319e-08 0 1 -2.84888e-08 0 1 -1.4202e-08 0 1 -0 </float_array>
          <technique_common>
            <accessor count="542" offset="0" source="#meshId3-bitangents-array" stride="3">
              <param name="X" type="float" />
              <param name="Y" type="float" />
              <param name="Z" type="float" />
            </accessor>
          </technique_common>
        </source>
        <source id="meshId3-tex0" name="meshId3-tex0">
          <float_array id="meshId3-tex0-array" count="1084"> 0.0547604 0.00759045 0.0547604 0.0005 0.0717811 0.0005 0.0717811 0.00759045 0.664815 0.00759045 0.636891 0.00759045 0.636891 0.0005 0.664815 0.0005 0.731477 0.00759045 0.731477 0.0005 0.752097 0.0005 0.752097 0.00759045 0.719426 0.277915 0.724826 0.276787 0.725155 0.290222 0.719606 0.290168 0.508962 0.300483 0.50572 0.304938 0.474456 0.275667 0.478724 0.272196 0.477658 0.157505 0.477169 0.158522 0.472075 0.156208 0.472915 0.154524 0.476372 0.268364 0.471293 0.270578 0.0230453 0.00759045 0.0230453 0.0005 0.0255188 0.0005 0.0255188 0.00759045 0.0206874 0.00759045 0.0206874 0.0005 0.0115953 0.0005 0.0115953 0.00759045 0.00640199 0.0005 0.00640199 0.00759045 0.517502 0.303825 0.516858 0.30929 0.51098 0.307891 0.513003 0.302733 0.943157 0.00759045 0.954394 0.00759045 0.954394 0.0005 0.943157 0.0005 0.961438 0.00759045 0.96429 0.00759045 0.96429 0.0005 0.961438 0.0005 0.968255 0.00759045 0.968255 0.0005 0.968958 0.00759045 0.968958 0.0005 0.973796 0.00759045 0.975489 0.00759045 0.975489 0.0005 0.973796 0.0005 0.981727 0.00759045 0.981727 0.0005 0.969855 0.00759045 0.969855 0.0005 0.550118 0.00759045 0.550118 0.0005 0.618759 0.00759045 0.618759 0.0005 0.603235 0.00759045 0.603235 0.0005 0.0413763 0.00759045 0.0413763 0.0005 0.963767 0.00759045 0.94879 0.00759045 0.94879 0.0005 0.963767 0.0005 0.475576 0.180861 0.475208 0.263977 0.469763 0.264793 0.469982 0.180888 0.475651 0.165368 0.47005 0.164986 0.70013 0.150007 0.587234 0.15023 0.586175 0.144868 0.700218 0.144402 0.0505683 0.00759045 0.0505683 0.0005 0.0336786 0.0005 0.0336786 0.00759045 0.00934076 0.00759045 0.00934076 0.0005 0.0100273 0.0005 0.0100273 0.00759045 0.581605 0.162726 0.564112 0.162661 0.565085 0.16122 0.580642 0.161277 0.929319 0.00759045 0.929319 0.0005 0.573125 0.00759045 0.573125 0.0005 0.562562 0.0005 0.562562 0.00759045 0.592672 0.00759045 0.582819 0.00759045 0.582819 0.0005 0.592672 0.0005 0.592672 0.00759045 0.592672 0.0005 0.582977 0.00759045 0.597189 0.00759045 0.597189 0.0040453 0.597189 0.0005 0.582977 0.0005 0.0109234 0.00759045 0.0109234 0.0005 0.980235 0.00759045 0.974248 0.00759045 0.974248 0.0005 0.980235 0.0005 0.559664 0.144754 0.558616 0.150122 0.490906 0.15019 0.490687 0.144603 0.0051078 0.00759045 0.0051078 0.0005 0.981727 0.0005 0.981727 0.00759045 0.586093 0.30394 0.705179 0.304488 0.705301 0.31008 0.585048 0.309309 0.557653 0.303964 0.558615 0.309351 0.717702 0.298652 0.718424 0.29696 0.723608 0.299025 0.722534 0.301486 0.927728 0.00759045 0.927728 0.0005 0.528905 0.00759045 0.547037 0.00759045 0.547037 0.0005 0.528905 0.0005 0.711541 0.0040453 0.711541 0.00759045 0.732146 0.00759045 0.732146 0.0005 0.711541 0.0005 0.0316291 0.00759045 0.0316291 0.0005 0.0165113 0.00759045 0.0165113 0.0005 0.0148642 0.00759045 0.0148642 0.0005 0.580528 0.293399 0.579576 0.294883 0.56402 0.2949 0.563063 0.293421 0.482119 0.152896 0.479066 0.148199 0.481932 0.146665 0.48429 0.151734 0.0051078 0.00759045 0.0051078 0.0005 0.71363 0.302723 0.716463 0.307555 0.714127 0.308568 0.712066 0.303379 0.908106 0.00759045 0.908106 0.0005 0.573125 0.00759045 0.573125 0.0005 0.568011 0.0005 0.568011 0.00759045 0.71246 0.152938 0.707346 0.151044 0.709084 0.145732 0.714912 0.147896 0.717091 0.156785 0.721622 0.153506 0.723195 0.156197 0.718218 0.158725 0.719858 0.16505 0.72539 0.1649 0.725104 0.176429 0.719703 0.175281 0.706544 0.271167 0.705118 0.272138 0.705378 0.1809 0.706795 0.181881 0.597189 0.0005 0.597189 0.00759045 0.613291 0.00759045 0.613291 0.0005 0.560573 0.151687 0.564821 0.149869 0.565085 0.16122 0.564112 0.162661 0.580986 0.149931 0.585225 0.15178 0.581605 0.162726 0.580642 0.161277 0.583992 0.302364 0.579903 0.304275 0.579576 0.294883 0.580528 0.293399 0.56372 0.304297 0.559633 0.302397 0.563063 0.293421 0.56402 0.2949 0.719752 0.271511 0.717947 0.275863 0.705118 0.272138 0.706544 0.271167 0.718231 0.17726 0.720006 0.181621 0.706795 0.181881 0.705378 0.1809 0.724952 0.293188 0.724453 0.296155 0.719035 0.294792 0.719421 0.292494 0.703176 0.144586 0.706178 0.145008 0.705028 0.150493 0.702577 0.150149 0.47038 0.161984 0.471051 0.159052 0.476402 0.160703 0.475896 0.162988 0.559752 0.150429 0.559841 0.150495 0.562494 0.145929 0.562494 0.145929 0.563614 0.147077 0.559752 0.150429 0.58221 0.147156 0.583339 0.146028 0.585987 0.150601 0.585987 0.150601 0.586061 0.150531 0.58221 0.147156 0.722538 0.27276 0.72367 0.273921 0.719089 0.276617 0.719089 0.276617 0.719179 0.276675 0.722538 0.27276 0.484768 0.145596 0.487683 0.144918 0.488619 0.150432 0.486422 0.150942 0.474652 0.152067 0.476654 0.150005 0.480358 0.154212 0.478931 0.155688 0.711241 0.309403 0.708262 0.309882 0.707553 0.304341 0.709886 0.303977 0.584882 0.303631 0.584826 0.303577 0.582228 0.308153 0.582228 0.308153 0.581115 0.307031 0.584882 0.303631 0.562515 0.307066 0.561415 0.308201 0.558862 0.303611 0.558862 0.303611 0.558765 0.303664 0.562515 0.307066 0.720857 0.30397 0.718948 0.305878 0.715349 0.301587 0.716567 0.300369 0.717533 0.149396 0.719684 0.151195 0.715746 0.155169 0.714307 0.15397 0.724328 0.159001 0.725045 0.161888 0.719565 0.162868 0.719034 0.160769 0.719466 0.176468 0.719371 0.176547 0.723941 0.179261 0.723941 0.179261 0.722803 0.180397 0.719466 0.176468 0.58221 0.147156 0.586061 0.150531 0.722538 0.27276 0.719179 0.276675 0.562515 0.307066 0.558765 0.303664 0.559841 0.150495 0.562494 0.145929 0.584826 0.303577 0.582228 0.308153 0.719371 0.176547 0.723941 0.179261 0.664684 0.996605 0.664626 0.986567 0.666497 0.986567 0.666543 0.996605 0.773471 0.996605 0.773381 0.986567 0.774938 0.986567 0.775048 0.996605 0.596236 0.996605 0.596146 0.986567 0.597596 0.986567 0.597698 0.996605 0.599271 0.996605 0.599158 0.986567 0.499288 0.996605 0.498394 0.996605 0.498266 0.986567 0.499178 0.986567 0.501069 0.996605 0.500172 0.996605 0.500077 0.986567 0.500989 0.986567 0.677423 0.996605 0.72059 0.996605 0.768561 0.996605 0.677381 0.986567 0.720548 0.986567 0.768514 0.986567 0.770373 0.986567 0.770431 0.996605 0.661673 0.996605 0.661586 0.986567 0.66305 0.986567 0.663122 0.996605 0.660112 0.996605 0.660011 0.986567 0.772007 0.996605 0.771934 0.986567 0.594661 0.996605 0.594583 0.986567 0.822825 0.996605 0.783668 0.996605 0.776922 0.996605 0.822682 0.986567 0.776791 0.986567 0.783527 0.986567 0.592791 0.996605 0.58162 0.996605 0.502002 0.996605 0.592723 0.986567 0.501934 0.986567 0.581557 0.986567 0.601139 0.996605 0.601019 0.986567 0.823765 0.996605 0.823618 0.986567 0.497463 0.996605 0.49732 0.986567 0.824668 0.996605 0.824521 0.986567 0.480757 0.996605 0.479867 0.996605 0.47971 0.986567 0.480601 0.986567 0.481658 0.996605 0.481505 0.986567 0.0955597 0.995783 0.0984198 0.995783 0.0984198 0.9995 0.0955597 0.9995 0.0563581 0.995783 0.0594057 0.995783 0.0594057 0.9995 0.0563581 0.9995 0.0594057 0.995783 0.0607194 0.995783 0.0607194 0.9995 0.0594057 0.9995 0.0619516 0.995783 0.0619516 0.9995 0.0631999 0.995783 0.0631999 0.9995 0.0733528 0.995783 0.0733528 0.9995 0.0839398 0.995783 0.0839398 0.9995 0.086266 0.995783 0.086266 0.9995 0.08883 0.995783 0.08883 0.9995 0.0917622 0.995783 0.0917622 0.9995 0.0955597 0.995783 0.0955597 0.9995 0.393605 0.995783 0.405537 0.995783 0.405537 0.9995 0.393605 0.9995 0.405537 0.995783 0.417702 0.995783 0.417702 0.9995 0.405537 0.9995 0.421733 0.995783 0.421733 0.9995 0.424318 0.995783 0.424318 0.9995 0.426215 0.995783 0.426215 0.9995 0.428304 0.995783 0.428304 0.9995 0.430403 0.995783 0.430403 0.9995 0.432244 0.995783 0.432244 0.9995 0.434058 0.995783 0.434058 0.9995 0.00971558 0.995783 0.0289666 0.995783 0.0289666 0.9995 0.00971558 0.9995 0.325551 0.995783 0.359593 0.995783 0.359593 0.9995 0.325551 0.9995 0.295967 0.995783 0.300872 0.995783 0.300872 0.9995 0.295967 0.9995 0.300872 0.995783 0.304669 0.995783 0.304669 0.9995 0.300872 0.9995 0.30697 0.995783 0.30697 0.9995 0.309137 0.995783 0.309137 0.9995 0.311216 0.995783 0.311216 0.9995 0.313298 0.995783 0.313298 0.9995 0.318848 0.995783 0.318848 0.9995 0.325551 0.995783 0.325551 0.9995 0.200448 0.995783 0.207163 0.995783 0.207163 0.9995 0.200448 0.9995 0.207163 0.995783 0.212885 0.995783 0.212885 0.9995 0.207163 0.9995 0.215182 0.995783 0.215182 0.9995 0.217296 0.995783 0.217296 0.9995 0.219481 0.995783 0.219481 0.9995 0.221926 0.995783 0.221926 0.9995 0.22557 0.995783 0.22557 0.9995 0.230206 0.995783 0.230206 0.9995 0.230206 0.995783 0.263093 0.995783 0.263093 0.9995 0.230206 0.9995 0.354551 0.991286 0.239022 0.991286 0.238998 0.986567 0.354528 0.986567 0.222411 0.991286 0.158428 0.991286 0.158428 0.986567 0.222411 0.986567 0.110505 0.991286 0.0166345 0.991286 0.016561 0.986567 0.11044 0.986567 0.457409 0.991286 0.371117 0.991286 0.371161 0.986567 0.457499 0.986567 0.235282 0.986567 0.235299 0.991286 0.358266 0.991286 0.358252 0.986567 0.0128427 0.986567 0.0129171 0.991286 0.232158 0.986567 0.232168 0.991286 0.229256 0.986567 0.22926 0.991286 0.22613 0.986567 0.22613 0.991286 0.36139 0.991286 0.361385 0.986567 0.364293 0.991286 0.364293 0.986567 0.36742 0.991286 0.36742 0.986567 0.00971558 0.986567 0.00978993 0.991286 0.464348 0.986567 0.467252 0.986567 0.467151 0.991286 0.464249 0.991286 0.461221 0.986567 0.461124 0.991286 0.149296 0.991286 0.119599 0.991286 0.119606 0.986567 0.149302 0.986567 0.156554 0.986567 0.156554 0.991286 0.117726 0.986567 0.117732 0.991286 0.154752 0.986567 0.154752 0.991286 0.152975 0.986567 0.152975 0.991286 0.151172 0.986567 0.151172 0.991286 0.115916 0.986567 0.115936 0.991286 0.114131 0.986567 0.114165 0.991286 0.112321 0.986567 0.11237 0.991286 0.660011 0.986567 0.660112 0.996605 0.658254 0.996605 0.658141 0.986567 0.658141 0.986567 0.658254 0.996605 0.650429 0.996605 0.650308 0.986567 0.608923 0.996605 0.6088 0.986567 0.601139 0.996605 0.601019 0.986567 </float_array>
          <technique_common>
            <accessor count="542" offset="0" source="#meshId3-tex0-array" stride="2">
              <param name="S" type="float" />
              <param name="T" type="float" />
            </accessor>
          </technique_common>
        </source>
        <vertices id="meshId3-vertices">
          <input semantic="POSITION" source="#meshId3-positions" />
          <input semantic="NORMAL" source="#meshId3-normals" />
          <input semantic="TANGENT" source="#meshId3-tangents" />
          <input semantic="BINORMAL" source="#meshId3-bitangents" />
          <input semantic="TEXCOORD" source="#meshId3-tex0"  />
        </vertices>
        <polylist count="462" material="defaultMaterial">
          <input offset="0" semantic="VERTEX" source="#meshId3-vertices" />
          <vcount>3 3 3 3 3 3 3 3 3 3 3 3 3 3 3 3 3 3 3 3 3 3 3 3 3 3 3 3 3 3 3 3 3 3 3 3 3 3 3 3 3 3 3 3 3 3 3 3 3 3 3 3 3 3 3 3 3 3 3 3 3 3 3 3 3 3 3 3 3 3 3 3 3 3 3 3 3 3 3 3 3 3 3 3 3 3 3 3 3 3 3 3 3 3 3 3 3 3 3 3 3 3 3 3 3 3 3 3 3 3 3 3 3 3 3 3 3 3 3 3 3 3 3 3 3 3 3 3 3 3 3 3 3 3 3 3 3 3 3 3 3 3 3 3 3 3 3 3 3 3 3 3 3 3 3 3 3 3 3 3 3 3 3 3 3 3 3 3 3 3 3 3 3 3 3 3 3 3 3 3 3 3 3 3 3 3 3 3 3 3 3 3 3 3 3 3 3 3 3 3 3 3 3 3 3 3 3 3 3 3 3 3 3 3 3 3 3 3 3 3 3 3 3 3 3 3 3 3 3 3 3 3 3 3 3 3 3 3 3 3 3 3 3 3 3 3 3 3 3 3 3 3 3 3 3 3 3 3 3 3 3 3 3 3 3 3 3 3 3 3 3 3 3 3 3 3 3 3 3 3 3 3 3 3 3 3 3 3 3 3 3 3 3 3 3 3 3 3 3 3 3 3 3 3 3 3 3 3 3 3 3 3 3 3 3 3 3 3 3 3 3 3 3 3 3 3 3 3 3 3 3 3 3 3 3 3 3 3 3 3 3 3 3 3 3 3 3 3 3 3 3 3 3 3 3 3 3 3 3 3 3 3 3 3 3 3 3 3 3 3 3 3 3 3 3 3 3 3 3 3 3 3 3 3 3 3 3 3 3 3 3 3 3 3 3 3 3 3 3 3 3 3 3 3 3 3 3 3 3 3 3 3 3 3 3 3 3 3 3 3 3 3 3 3 3 3 3 3 3 3 3 3 3 3 3 3 3 3 3 3 3 3 3 3 3 3 3 3 3 3 3 3 3 3 3 3 3 3 3 3 3 3 </vcount>
          <p>0 1 2 2 3 0 4 5 6 6 7 4 8 9 10 10 11 8 12 13 14 14 15 12 16 17 18 18 19 16 20 21 22 22 23 20 24 19 18 18 25 24 26 27 28 28 29 26 30 31 32 32 33 30 33 32 34 34 35 33 36 37 38 38 39 36 40 41 42 42 43 40 44 45 46 46 47 44 48 49 46 46 45 48 50 51 49 49 48 50 52 53 54 54 55 52 56 57 54 54 53 56 58 59 51 51 50 58 60 3 2 2 61 60 62 63 6 6 5 62 64 65 63 63 62 64 0 66 67 67 1 0 68 69 70 70 71 68 72 73 74 74 75 72 76 72 75 75 77 76 78 79 80 80 81 78 82 83 84 84 85 82 86 87 88 88 89 86 90 91 92 92 93 90 69 94 95 95 70 69 94 11 10 10 95 94 96 97 98 98 99 96 100 101 102 102 103 100 64 104 105 105 65 64 106 107 108 108 109 110 106 108 110 30 85 84 84 31 30 111 89 88 88 112 111 113 114 115 115 116 113 117 118 119 119 120 117 9 8 4 4 7 9 86 121 122 122 87 86 123 124 113 113 116 123 125 126 127 127 128 125 36 129 130 130 37 36 131 132 133 133 134 131 135 40 43 43 136 135 42 41 44 44 47 42 59 58 52 52 55 59 137 138 139 139 140 137 138 99 98 98 139 138 141 142 143 143 144 145 141 143 145 146 29 28 28 147 146 146 147 67 67 66 146 137 140 83 83 82 137 148 149 27 27 26 148 150 151 149 149 148 150 152 153 154 154 155 152 156 157 158 158 159 156 16 39 38 38 17 16 24 25 74 74 73 24 160 35 34 34 161 160 68 71 115 115 114 68 111 112 151 151 150 111 162 163 164 164 165 162 166 167 144 144 143 166 135 136 167 167 166 135 168 106 110 110 169 168 60 61 170 170 171 60 171 170 102 102 101 171 172 173 174 174 175 172 176 177 178 178 179 176 180 181 182 182 183 180 184 185 186 186 187 184 188 189 190 190 191 188 191 190 142 142 145 191 192 193 194 194 195 192 196 197 198 198 199 196 200 201 202 202 203 200 204 205 206 206 207 204 208 209 210 210 211 208 212 213 214 214 215 212 216 217 218 218 219 216 220 221 222 222 223 220 224 225 226 226 227 224 228 229 230 231 232 233 234 235 236 237 238 239 240 241 242 243 244 245 246 247 248 248 249 246 250 251 252 252 253 250 254 255 256 256 257 254 258 259 260 261 262 263 264 265 266 267 268 269 270 271 272 272 273 270 274 275 276 276 277 274 278 279 280 280 281 278 282 283 284 285 286 287 14 216 219 219 15 14 81 220 223 223 78 81 77 224 227 227 76 77 192 233 232 232 193 192 196 288 289 289 197 196 208 290 291 291 209 208 158 246 249 249 159 158 23 250 253 253 20 23 164 254 257 257 165 164 200 263 262 262 201 200 204 292 293 293 205 204 134 270 273 273 131 134 175 274 277 277 172 175 178 278 281 281 179 178 212 287 286 286 213 212 217 133 132 132 218 217 221 174 173 173 222 221 225 22 21 21 226 225 294 118 117 117 295 294 235 80 79 79 236 235 241 13 12 12 242 241 247 120 119 119 248 247 251 157 156 156 252 251 255 127 126 126 256 255 296 125 128 128 297 296 265 130 129 129 266 265 271 163 162 162 272 271 275 177 176 176 276 275 279 181 180 180 280 279 298 183 182 182 299 298 300 301 302 302 303 300 304 305 306 306 307 304 308 309 310 310 311 308 312 311 310 310 313 312 314 315 316 316 317 314 318 319 320 320 321 318 322 303 302 323 322 302 324 323 302 302 325 326 302 326 327 324 302 327 324 327 328 328 329 324 330 331 332 332 333 330 330 334 335 335 331 330 304 336 337 337 305 304 309 308 338 338 339 309 320 319 314 314 317 320 340 341 342 343 340 342 342 344 345 343 342 345 346 347 348 349 346 348 348 350 351 349 348 351 338 346 349 349 339 338 336 329 328 328 337 336 342 307 306 306 344 342 352 312 313 313 353 352 354 340 343 343 355 354 316 315 356 356 357 316 358 354 355 355 359 358 360 361 362 362 363 360 364 360 363 363 365 364 356 364 365 365 357 356 348 318 321 321 350 348 300 333 332 332 301 300 366 367 368 368 369 366 370 371 372 372 373 370 374 375 376 376 377 374 375 378 379 379 376 375 378 380 381 381 379 378 380 382 383 383 381 380 382 384 385 385 383 382 384 386 387 387 385 384 386 388 389 389 387 386 388 390 391 391 389 388 390 392 393 393 391 390 394 395 396 396 397 394 398 399 400 400 401 398 399 402 403 403 400 399 402 404 405 405 403 402 404 406 407 407 405 404 406 408 409 409 407 406 408 410 411 411 409 408 410 412 413 413 411 410 412 414 415 415 413 412 416 417 418 418 419 416 420 421 422 422 423 420 424 425 426 426 427 424 428 429 430 430 431 428 429 432 433 433 430 429 432 434 435 435 433 432 434 436 437 437 435 434 436 438 439 439 437 436 438 440 441 441 439 438 440 442 443 443 441 440 444 445 446 446 447 444 448 449 450 450 451 448 449 452 453 453 450 449 452 454 455 455 453 452 454 456 457 457 455 454 456 458 459 459 457 456 458 460 461 461 459 458 460 462 463 463 461 460 464 465 466 466 467 464 468 469 470 470 471 468 472 473 474 474 475 472 476 477 478 478 479 476 480 481 482 482 483 480 484 470 469 469 485 484 486 468 471 471 487 486 488 478 477 477 489 488 490 484 485 485 491 490 492 490 491 491 493 492 494 492 493 493 495 494 475 494 495 495 472 475 496 486 487 487 497 496 498 496 497 497 499 498 500 498 499 499 501 500 481 500 501 501 482 481 502 488 489 489 503 502 504 505 506 506 507 504 508 504 507 507 509 508 483 508 509 509 480 483 510 511 512 512 513 510 514 474 473 473 515 514 516 512 511 511 517 516 518 514 515 515 519 518 520 518 519 519 521 520 522 520 521 521 523 522 513 522 523 523 510 513 524 516 517 517 525 524 526 524 525 525 527 526 528 526 527 527 529 528 479 528 529 529 476 479 530 531 532 532 533 530 534 535 536 536 537 534 537 536 538 538 539 537 539 538 540 540 541 539 </p>
        </polylist>
      </mesh>
    </geometry>
  </library_geometries>
  <library_visual_scenes>
    <visual_scene id="root" name="root">
      <node id="Box003" name="Box003">
        <matrix>1 0 0 0 0 1 0 0 0 0 1 0 0 0 0 1</matrix>
        <instance_geometry url="#meshId0">
          <bind_material>
            <technique_common>
              <instance_material symbol="defaultMaterial" target="#01___Default" />
            </technique_common>
          </bind_material>
        </instance_geometry>
      </node>
      <node id="Box003" name="Box003">
        <matrix>1 0 0 0 0 1 0 0 0 0 1 0 0 0 0 1</matrix>
        <instance_geometry url="#meshId1">
          <bind_material>
            <technique_common>
              <instance_material symbol="defaultMaterial" target="#03___Default" />
            </technique_common>
          </bind_material>
        </instance_geometry>
      </node>
      <node id="Box003" name="Box003">
        <matrix>1 0 0 0 0 1 0 0 0 0 1 0 0 0 0 1</matrix>
        <instance_geometry url="#meshId2">
          <bind_material>
            <technique_common>
              <instance_material symbol="defaultMaterial" target="#02___Default" />
            </technique_common>
          </bind_material>
        </instance_geometry>
      </node>
      <node id="Box003" name="Box003">
        <matrix>1 0 0 0 0 1 0 0 0 0 1 0 0 0 0 1</matrix>
        <instance_geometry url="#meshId3">
          <bind_material>
            <technique_common>
              <instance_material symbol="defaultMaterial" target="#07___Default" />
            </technique_common>
          </bind_material>
        </instance_geometry>
      </node>
    </visual_scene>
  </library_visual_scenes>
  <scene>
    <instance_visual_scene url="#root" />
  </scene>
</COLLADA>
